block,plot,nutrient_levels,salt_presence,ID,coloration,week,variable,value
a,1,medium,yes,a1nMsY,orange,0,Na,5.059963
a,2,high,yes,a2nHsY,green,0,Na,5.277621
a,3,medium,no,a3nMsN,orange,0,Na,4.662499
a,4,high,no,a4nHsN,green,0,Na,4.71928
a,5,control,no,a5nCsN,clear,0,Na,4.511085
a,6,control,yes,a6nCsY,clear,0,Na,5.589914
b,1,control,no,b1nCsN,clear,0,Na,4.615182
b,2,high,no,b2nHsN,green,0,Na,4.74767
b,3,medium,no,b3nMsN,green,0,Na,4.227182
b,4,high,yes,b4nHsY,green,0,Na,4.369134
b,5,medium,yes,b5nMsY,green,0,Na,8.21128
b,6,control,yes,b6nCsY,clear,0,Na,4.378597
c,1,high,yes,c1nHsY,green,0,Na,4.804451
c,2,high,no,c2nHsN,green,0,Na,5.182987
c,3,control,yes,c3nCsY,clear,0,Na,2.293448
c,4,control,no,c4nCsN,clear,0,Na,2.38551
c,5,medium,yes,c5nMsY,orange,0,Na,2.643285
c,6,medium,no,c6nMsN,orange,0,Na,2.486779
d,1,high,yes,d1nHsY,green,0,Na,2.560429
d,2,high,no,d2nHsN,green,0,Na,2.192179
d,3,control,yes,d3nCsY,clear,0,Na,1.602979
d,4,medium,no,d4nMsN,orange,0,Na,3.306135
d,5,medium,yes,d5nMsY,orange,0,Na,2.192179
d,6,control,no,d6nCsN,clear,0,Na,2.716935
a,1,medium,yes,a1nMsY,orange,0,NH4,4.322293
a,2,high,yes,a2nHsY,green,0,NH4,4.439005
a,3,medium,no,a3nMsN,orange,0,NH4,4.288947
a,4,high,no,a4nHsN,green,0,NH4,4.397322
a,5,control,no,a5nCsN,clear,0,NH4,4.54738
a,6,control,yes,a6nCsY,clear,0,NH4,4.447341
b,1,control,no,b1nCsN,clear,0,NH4,4.439005
b,2,high,no,b2nHsN,green,0,NH4,4.447341
b,3,medium,no,b3nMsN,green,0,NH4,4.380649
b,4,high,yes,b4nHsY,green,0,NH4,4.447341
b,5,medium,yes,b5nMsY,green,0,NH4,4.263937
b,6,control,yes,b6nCsY,clear,0,NH4,4.388985
c,1,high,yes,c1nHsY,green,0,NH4,4.405658
c,2,high,no,c2nHsN,green,0,NH4,4.689101
c,3,control,yes,c3nCsY,clear,0,NH4,-0.45286
c,4,control,no,c4nCsN,clear,0,NH4,-0.67687
c,5,medium,yes,c5nMsY,orange,0,NH4,-0.81288
c,6,medium,no,c6nMsN,orange,0,NH4,-0.53287
d,1,high,yes,d1nHsY,green,0,NH4,-1.07689
d,2,high,no,d2nHsN,green,0,NH4,-0.77288
d,3,control,yes,d3nCsY,clear,0,NH4,-0.90889
d,4,medium,no,d4nMsN,orange,0,NH4,-0.66087
d,5,medium,yes,d5nMsY,orange,0,NH4,-0.67687
d,6,control,no,d6nCsN,clear,0,NH4,-0.63687
a,1,medium,yes,a1nMsY,orange,0,K,8.295371
a,2,high,yes,a2nHsY,green,0,K,8.895371
a,3,medium,no,a3nMsN,orange,0,K,8.121687
a,4,high,no,a4nHsN,green,0,K,7.900634
a,5,control,no,a5nCsN,clear,0,K,6.763791
a,6,control,yes,a6nCsY,clear,0,K,9.653266
b,1,control,no,b1nCsN,clear,0,K,8.042739
b,2,high,no,b2nHsN,green,0,K,8.390108
b,3,medium,no,b3nMsN,green,0,K,7.616423
b,4,high,yes,b4nHsY,green,0,K,7.363792
b,5,medium,yes,b5nMsY,green,0,K,8.248003
b,6,control,yes,b6nCsY,clear,0,K,7.916423
c,1,high,yes,c1nHsY,green,0,K,8.548003
c,2,high,no,c2nHsN,green,0,K,8.705897
c,3,control,yes,c3nCsY,clear,0,K,6.032048
c,4,control,no,c4nCsN,clear,0,K,6.199464
c,5,medium,yes,c5nMsY,orange,0,K,6.823469
c,6,medium,no,c6nMsN,orange,0,K,6.488637
d,1,high,yes,d1nHsY,green,0,K,5.910291
d,2,high,no,d2nHsN,green,0,K,4.70794
d,3,control,yes,d3nCsY,clear,0,K,4.814478
d,4,medium,no,d4nMsN,orange,0,K,7.051764
d,5,medium,yes,d5nMsY,orange,0,K,5.56024
d,6,control,no,d6nCsN,clear,0,K,6.184245
a,1,medium,yes,a1nMsY,orange,0,Ca,27.01456
a,2,high,yes,a2nHsY,green,0,Ca,28.79348
a,3,medium,no,a3nMsN,orange,0,Ca,27.03926
a,4,high,no,a4nHsN,green,0,Ca,25.76684
a,5,control,no,a5nCsN,clear,0,Ca,25.58153
a,6,control,yes,a6nCsY,clear,0,Ca,26.76748
b,1,control,no,b1nCsN,clear,0,Ca,26.58218
b,2,high,no,b2nHsN,green,0,Ca,27.49635
b,3,medium,no,b3nMsN,green,0,Ca,21.83838
b,4,high,yes,b4nHsY,green,0,Ca,26.63159
b,5,medium,yes,b5nMsY,green,0,Ca,29.42352
b,6,control,yes,b6nCsY,clear,0,Ca,28.11403
c,1,high,yes,c1nHsY,green,0,Ca,27.36046
c,2,high,no,c2nHsN,green,0,Ca,29.68294
c,3,control,yes,c3nCsY,clear,0,Ca,16.01251
c,4,control,no,c4nCsN,clear,0,Ca,14.68429
c,5,medium,yes,c5nMsY,orange,0,Ca,14.83576
c,6,medium,no,c6nMsN,orange,0,Ca,16.14067
d,1,high,yes,d1nHsY,green,0,Ca,18.16795
d,2,high,no,d2nHsN,green,0,Ca,18.59903
d,3,control,yes,d3nCsY,clear,0,Ca,17.29412
d,4,medium,no,d4nMsN,orange,0,Ca,15.59307
d,5,medium,yes,d5nMsY,orange,0,Ca,17.46889
d,6,control,no,d6nCsN,clear,0,Ca,19.368
a,1,medium,yes,a1nMsY,orange,0,Mg,4.06109
a,2,high,yes,a2nHsY,green,0,Mg,4.221123
a,3,medium,no,a3nMsN,orange,0,Mg,4.202834
a,4,high,no,a4nHsN,green,0,Mg,3.974215
a,5,control,no,a5nCsN,clear,0,Mg,4.413164
a,6,control,yes,a6nCsY,clear,0,Mg,4.074807
b,1,control,no,b1nCsN,clear,0,Mg,4.431453
b,2,high,no,b2nHsN,green,0,Mg,4.051945
b,3,medium,no,b3nMsN,green,0,Mg,4.490894
b,4,high,yes,b4nHsY,green,0,Mg,4.083952
b,5,medium,yes,b5nMsY,green,0,Mg,4.504611
b,6,control,yes,b6nCsY,clear,0,Mg,4.143393
c,1,high,yes,c1nHsY,green,0,Mg,4.070235
c,2,high,no,c2nHsN,green,0,Mg,4.632638
c,3,control,yes,c3nCsY,clear,0,Mg,1.557166
c,4,control,no,c4nCsN,clear,0,Mg,1.814774
c,5,medium,yes,c5nMsY,orange,0,Mg,0.889919
c,6,medium,no,c6nMsN,orange,0,Mg,1.016611
d,1,high,yes,d1nHsY,green,0,Mg,1.569835
d,2,high,no,d2nHsN,green,0,Mg,1.274219
d,3,control,yes,d3nCsY,clear,0,Mg,1.189758
d,4,medium,no,d4nMsN,orange,0,Mg,0.906811
d,5,medium,yes,d5nMsY,orange,0,Mg,1.248881
d,6,control,no,d6nCsN,clear,0,Mg,1.409358
a,1,medium,yes,a1nMsY,orange,1,Na,77.98721
a,2,high,yes,a2nHsY,green,1,Na,70.07904
a,3,medium,no,a3nMsN,orange,1,Na,2.054085
a,4,high,no,a4nHsN,green,1,Na,2.468366
a,5,control,no,a5nCsN,clear,1,Na,4.705484
a,6,control,yes,a6nCsY,clear,1,Na,95.074
b,1,control,no,b1nCsN,clear,1,Na,4.815959
b,2,high,no,b2nHsN,green,1,Na,2.302654
b,3,medium,no,b3nMsN,green,1,Na,2.744554
b,4,high,yes,b4nHsY,green,1,Na,71.7822
b,5,medium,yes,b5nMsY,green,1,Na,63.07309
b,6,control,yes,b6nCsY,clear,1,Na,80.42686
c,1,high,yes,c1nHsY,green,1,Na,91.64927
c,2,high,no,c2nHsN,green,1,Na,2.744554
c,3,control,yes,c3nCsY,clear,1,Na,87.34075
c,4,control,no,c4nCsN,clear,1,Na,1.022986
c,5,medium,yes,c5nMsY,orange,1,Na,97.51365
c,6,medium,no,c6nMsN,orange,1,Na,5.036909
d,1,high,yes,d1nHsY,green,1,Na,87.13821
d,2,high,no,d2nHsN,green,1,Na,3.56391
d,3,control,yes,d3nCsY,clear,1,Na,75.00438
d,4,medium,no,d4nMsN,orange,1,Na,2.229004
d,5,medium,yes,d5nMsY,orange,1,Na,66.12956
d,6,control,no,d6nCsN,clear,1,Na,6.546734
a,1,medium,yes,a1nMsY,orange,1,NH4,-1.08489
a,2,high,yes,a2nHsY,green,1,NH4,0.115165
a,3,medium,no,a3nMsN,orange,1,NH4,-1.1089
a,4,high,no,a4nHsN,green,1,NH4,-0.96489
a,5,control,no,a5nCsN,clear,1,NH4,-0.86088
a,6,control,yes,a6nCsY,clear,1,NH4,-1.04489
b,1,control,no,b1nCsN,clear,1,NH4,-0.83688
b,2,high,no,b2nHsN,green,1,NH4,-1.06889
b,3,medium,no,b3nMsN,green,1,NH4,-0.84488
b,4,high,yes,b4nHsY,green,1,NH4,-1.07689
b,5,medium,yes,b5nMsY,green,1,NH4,-1.01289
b,6,control,yes,b6nCsY,clear,1,NH4,-1.04489
c,1,high,yes,c1nHsY,green,1,NH4,-1.00489
c,2,high,no,c2nHsN,green,1,NH4,-0.98889
c,3,control,yes,c3nCsY,clear,1,NH4,0.803199
c,4,control,no,c4nCsN,clear,1,NH4,-0.86888
c,5,medium,yes,c5nMsY,orange,1,NH4,-0.88488
c,6,medium,no,c6nMsN,orange,1,NH4,-0.58087
d,1,high,yes,d1nHsY,green,1,NH4,-0.88488
d,2,high,no,d2nHsN,green,1,NH4,-0.73288
d,3,control,yes,d3nCsY,clear,1,NH4,-0.88488
d,4,medium,no,d4nMsN,orange,1,NH4,-0.73288
d,5,medium,yes,d5nMsY,orange,1,NH4,-0.74088
d,6,control,no,d6nCsN,clear,1,NH4,-0.54087
a,1,medium,yes,a1nMsY,orange,1,K,6.503857
a,2,high,yes,a2nHsY,green,1,K,6.686493
a,3,medium,no,a3nMsN,orange,1,K,5.97117
a,4,high,no,a4nHsN,green,1,K,7.021325
a,5,control,no,a5nCsN,clear,1,K,7.873624
a,6,control,yes,a6nCsY,clear,1,K,9.852177
b,1,control,no,b1nCsN,clear,1,K,9.623882
b,2,high,no,b2nHsN,green,1,K,6.945226
b,3,medium,no,b3nMsN,green,1,K,7.158301
b,4,high,yes,b4nHsY,green,1,K,7.934503
b,5,medium,yes,b5nMsY,green,1,K,6.351661
b,6,control,yes,b6nCsY,clear,1,K,6.945226
c,1,high,yes,c1nHsY,green,1,K,9.030316
c,2,high,no,c2nHsN,green,1,K,6.458198
c,3,control,yes,c3nCsY,clear,1,K,7.051764
c,4,control,no,c4nCsN,clear,1,K,2.790266
c,5,medium,yes,c5nMsY,orange,1,K,8.132358
c,6,medium,no,c6nMsN,orange,1,K,8.543288
d,1,high,yes,d1nHsY,green,1,K,7.234399
d,2,high,no,d2nHsN,green,1,K,7.036544
d,3,control,yes,d3nCsY,clear,1,K,5.362384
d,4,medium,no,d4nMsN,orange,1,K,5.103651
d,5,medium,yes,d5nMsY,orange,1,K,4.814478
d,6,control,no,d6nCsN,clear,1,K,12.86566
a,1,medium,yes,a1nMsY,orange,1,Ca,17.96988
a,2,high,yes,a2nHsY,green,1,Ca,25.85762
a,3,medium,no,a3nMsN,orange,1,Ca,19.88065
a,4,high,no,a4nHsN,green,1,Ca,33.92013
a,5,control,no,a5nCsN,clear,1,Ca,22.32736
a,6,control,yes,a6nCsY,clear,1,Ca,24.41289
b,1,control,no,b1nCsN,clear,1,Ca,13.97358
b,2,high,no,b2nHsN,green,1,Ca,38.55723
b,3,medium,no,b3nMsN,green,1,Ca,29.17816
b,4,high,yes,b4nHsY,green,1,Ca,27.03437
b,5,medium,yes,b5nMsY,green,1,Ca,24.13327
b,6,control,yes,b6nCsY,clear,1,Ca,25.077
c,1,high,yes,c1nHsY,green,1,Ca,31.61322
c,2,high,no,c2nHsN,green,1,Ca,30.08694
c,3,control,yes,c3nCsY,clear,1,Ca,22.57203
c,4,control,no,c4nCsN,clear,1,Ca,12.09777
c,5,medium,yes,c5nMsY,orange,1,Ca,16.80478
c,6,medium,no,c6nMsN,orange,1,Ca,30.786
d,1,high,yes,d1nHsY,green,1,Ca,28.99174
d,2,high,no,d2nHsN,green,1,Ca,36.43675
d,3,control,yes,d3nCsY,clear,1,Ca,18.23785
d,4,medium,no,d4nMsN,orange,1,Ca,10.57148
d,5,medium,yes,d5nMsY,orange,1,Ca,7.192686
d,6,control,no,d6nCsN,clear,1,Ca,23.67888
a,1,medium,yes,a1nMsY,orange,1,Mg,0.801234
a,2,high,yes,a2nHsY,green,1,Mg,0.936373
a,3,medium,no,a3nMsN,orange,1,Mg,1.09685
a,4,high,no,a4nHsN,green,1,Mg,1.574058
a,5,control,no,a5nCsN,clear,1,Mg,0.915257
a,6,control,yes,a6nCsY,clear,1,Mg,1.654296
b,1,control,no,b1nCsN,clear,1,Mg,0.805457
b,2,high,no,b2nHsN,green,1,Mg,1.624735
b,3,medium,no,b3nMsN,green,1,Mg,2.169512
b,4,high,yes,b4nHsY,green,1,Mg,1.806327
b,5,medium,yes,b5nMsY,green,1,Mg,1.641627
b,6,control,yes,b6nCsY,clear,1,Mg,1.561389
c,1,high,yes,c1nHsY,green,1,Mg,1.688081
c,2,high,no,c2nHsN,green,1,Mg,1.15175
c,3,control,yes,c3nCsY,clear,1,Mg,1.20665
c,4,control,no,c4nCsN,clear,1,Mg,0.003072
c,5,medium,yes,c5nMsY,orange,1,Mg,0.720996
c,6,medium,no,c6nMsN,orange,1,Mg,2.503136
d,1,high,yes,d1nHsY,green,1,Mg,2.034374
d,2,high,no,d2nHsN,green,1,Mg,1.460035
d,3,control,yes,d3nCsY,clear,1,Mg,0.691434
d,4,medium,no,d4nMsN,orange,1,Mg,0.628088
d,5,medium,yes,d5nMsY,orange,1,Mg,1.87812
d,6,control,no,d6nCsN,clear,1,Mg,1.574058
a,1,medium,yes,a1nMsY,orange,2,Na,58.09251
a,2,high,yes,a2nHsY,green,2,Na,23.39416
a,3,medium,no,a3nMsN,orange,2,Na,1.289967
a,4,high,no,a4nHsN,green,2,Na,1.253142
a,5,control,no,a5nCsN,clear,2,Na,3.26931
a,6,control,yes,a6nCsY,clear,2,Na,40.19556
b,1,control,no,b1nCsN,clear,2,Na,1.289967
b,2,high,no,b2nHsN,green,2,Na,1.105842
b,3,medium,no,b3nMsN,green,2,Na,1.142667
b,4,high,yes,b4nHsY,green,2,Na,37.84797
b,5,medium,yes,b5nMsY,green,2,Na,40.67429
b,6,control,yes,b6nCsY,clear,2,Na,38.53844
c,1,high,yes,c1nHsY,green,2,Na,38.29908
c,2,high,no,c2nHsN,green,2,Na,2.146148
c,3,control,yes,c3nCsY,clear,2,Na,32.33343
c,4,control,no,c4nCsN,clear,2,Na,1.096636
c,5,medium,yes,c5nMsY,orange,2,Na,44.93678
c,6,medium,no,c6nMsN,orange,2,Na,2.192179
d,1,high,yes,d1nHsY,green,2,Na,24.90399
d,2,high,no,d2nHsN,green,2,Na,1.823929
d,3,control,yes,d3nCsY,clear,2,Na,33.59469
d,4,medium,no,d4nMsN,orange,2,Na,2.956298
d,5,medium,yes,d5nMsY,orange,2,Na,34.36801
d,6,control,no,d6nCsN,clear,2,Na,1.078223
a,1,medium,yes,a1nMsY,orange,2,NH4,-0.88488
a,2,high,yes,a2nHsY,green,2,NH4,-0.68487
a,3,medium,no,a3nMsN,orange,2,NH4,-0.02884
a,4,high,no,a4nHsN,green,2,NH4,-0.33286
a,5,control,no,a5nCsN,clear,2,NH4,-0.82088
a,6,control,yes,a6nCsY,clear,2,NH4,-0.34886
b,1,control,no,b1nCsN,clear,2,NH4,-0.37286
b,2,high,no,b2nHsN,green,2,NH4,-0.31686
b,3,medium,no,b3nMsN,green,2,NH4,-0.50087
b,4,high,yes,b4nHsY,green,2,NH4,-0.57287
b,5,medium,yes,b5nMsY,green,2,NH4,-0.56487
b,6,control,yes,b6nCsY,clear,2,NH4,-0.42886
c,1,high,yes,c1nHsY,green,2,NH4,-0.74088
c,2,high,no,c2nHsN,green,2,NH4,-0.56487
c,3,control,yes,c3nCsY,clear,2,NH4,-0.74888
c,4,control,no,c4nCsN,clear,2,NH4,-0.56487
c,5,medium,yes,c5nMsY,orange,2,NH4,-0.71688
c,6,medium,no,c6nMsN,orange,2,NH4,-0.66087
d,1,high,yes,d1nHsY,green,2,NH4,-0.99689
d,2,high,no,d2nHsN,green,2,NH4,-0.65287
d,3,control,yes,d3nCsY,clear,2,NH4,-0.74088
d,4,medium,no,d4nMsN,orange,2,NH4,-0.63687
d,5,medium,yes,d5nMsY,orange,2,NH4,-0.64487
d,6,control,no,d6nCsN,clear,2,NH4,-0.52487
a,1,medium,yes,a1nMsY,orange,2,K,5.575459
a,2,high,yes,a2nHsY,green,2,K,2.516313
a,3,medium,no,a3nMsN,orange,2,K,4.586183
a,4,high,no,a4nHsN,green,2,K,4.981894
a,5,control,no,a5nCsN,clear,2,K,5.940731
a,6,control,yes,a6nCsY,clear,2,K,5.11887
b,1,control,no,b1nCsN,clear,2,K,3.779542
b,2,high,no,b2nHsN,green,2,K,3.992617
b,3,medium,no,b3nMsN,green,2,K,3.536028
b,4,high,yes,b4nHsY,green,2,K,4.160033
b,5,medium,yes,b5nMsY,green,2,K,3.916519
b,6,control,yes,b6nCsY,clear,2,K,4.023057
c,1,high,yes,c1nHsY,green,2,K,4.28179
c,2,high,no,c2nHsN,green,2,K,4.738379
c,3,control,yes,c3nCsY,clear,2,K,3.292514
c,4,control,no,c4nCsN,clear,2,K,3.962178
c,5,medium,yes,c5nMsY,orange,2,K,4.875356
c,6,medium,no,c6nMsN,orange,2,K,6.229904
d,1,high,yes,d1nHsY,green,2,K,2.485874
d,2,high,no,d2nHsN,green,2,K,5.088431
d,3,control,yes,d3nCsY,clear,2,K,3.185977
d,4,medium,no,d4nMsN,orange,2,K,5.773315
d,5,medium,yes,d5nMsY,orange,2,K,3.779542
d,6,control,no,d6nCsN,clear,2,K,3.505589
a,1,medium,yes,a1nMsY,orange,2,Ca,16.58341
a,2,high,yes,a2nHsY,green,2,Ca,5.969329
a,3,medium,no,a3nMsN,orange,2,Ca,25.35663
a,4,high,no,a4nHsN,green,2,Ca,26.91786
a,5,control,no,a5nCsN,clear,2,Ca,24.20318
a,6,control,yes,a6nCsY,clear,2,Ca,21.74481
b,1,control,no,b1nCsN,clear,2,Ca,21.53509
b,2,high,no,b2nHsN,green,2,Ca,27.51207
b,3,medium,no,b3nMsN,green,2,Ca,20.18357
b,4,high,yes,b4nHsY,green,2,Ca,24.70417
b,5,medium,yes,b5nMsY,green,2,Ca,19.25149
b,6,control,yes,b6nCsY,clear,2,Ca,20.45155
c,1,high,yes,c1nHsY,green,2,Ca,18.65729
c,2,high,no,c2nHsN,green,2,Ca,26.2421
c,3,control,yes,c3nCsY,clear,2,Ca,17.16596
c,4,control,no,c4nCsN,clear,2,Ca,23.23614
c,5,medium,yes,c5nMsY,orange,2,Ca,20.14862
c,6,medium,no,c6nMsN,orange,2,Ca,20.84768
d,1,high,yes,d1nHsY,green,2,Ca,17.15431
d,2,high,no,d2nHsN,green,2,Ca,19.67093
d,3,control,yes,d3nCsY,clear,2,Ca,20.91759
d,4,medium,no,d4nMsN,orange,2,Ca,17.83007
d,5,medium,yes,d5nMsY,orange,2,Ca,19.81074
d,6,control,no,d6nCsN,clear,2,Ca,22.51378
a,1,medium,yes,a1nMsY,orange,2,Mg,0.674542
a,2,high,yes,a2nHsY,green,2,Mg,-0.26721
a,3,medium,no,a3nMsN,orange,2,Mg,2.135728
a,4,high,no,a4nHsN,green,2,Mg,1.253104
a,5,control,no,a5nCsN,clear,2,Mg,1.379796
a,6,control,yes,a6nCsY,clear,2,Mg,0.805457
b,1,control,no,b1nCsN,clear,2,Mg,0.716772
b,2,high,no,b2nHsN,green,2,Mg,0.759003
b,3,medium,no,b3nMsN,green,2,Mg,0.416934
b,4,high,yes,b4nHsY,green,2,Mg,1.020834
b,5,medium,yes,b5nMsY,green,2,Mg,0.463388
b,6,control,yes,b6nCsY,clear,2,Mg,0.585857
c,1,high,yes,c1nHsY,green,2,Mg,0.454941
c,2,high,no,c2nHsN,green,2,Mg,0.759003
c,3,control,yes,c3nCsY,clear,2,Mg,0.467611
c,4,control,no,c4nCsN,clear,2,Mg,0.687211
c,5,medium,yes,c5nMsY,orange,2,Mg,0.826573
c,6,medium,no,c6nMsN,orange,2,Mg,1.003942
d,1,high,yes,d1nHsY,green,2,Mg,0.328249
d,2,high,no,d2nHsN,green,2,Mg,0.59008
d,3,control,yes,d3nCsY,clear,2,Mg,0.539403
d,4,medium,no,d4nMsN,orange,2,Mg,0.716772
d,5,medium,yes,d5nMsY,orange,2,Mg,0.860357
d,6,control,no,d6nCsN,clear,2,Mg,0.585857
a,1,medium,yes,a1nMsY,orange,3,Na,83.61222
a,2,high,yes,a2nHsY,green,3,Na,90.91278
a,3,medium,no,a3nMsN,orange,3,Na,3.149629
a,4,high,no,a4nHsN,green,3,Na,2.468366
a,5,control,no,a5nCsN,clear,3,Na,6.141659
a,6,control,yes,a6nCsY,clear,3,Na,79.77322
b,1,control,no,b1nCsN,clear,3,Na,3.103597
b,2,high,no,b2nHsN,green,3,Na,2.23821
b,3,medium,no,b3nMsN,green,3,Na,2.818204
b,4,high,yes,b4nHsY,green,3,Na,67.13304
b,5,medium,yes,b5nMsY,green,3,Na,80.0494
b,6,control,yes,b6nCsY,clear,3,Na,83.23477
c,1,high,yes,c1nHsY,green,3,Na,82.47985
c,2,high,no,c2nHsN,green,3,Na,4.723897
c,3,control,yes,c3nCsY,clear,3,Na,77.06658
c,4,control,no,c4nCsN,clear,3,Na,2.845823
c,5,medium,yes,c5nMsY,orange,3,Na,63.77276
c,6,medium,no,c6nMsN,orange,3,Na,3.840097
d,1,high,yes,d1nHsY,green,3,Na,82.96778
d,2,high,no,d2nHsN,green,3,Na,3.812478
d,3,control,yes,d3nCsY,clear,3,Na,64.49085
d,4,medium,no,d4nMsN,orange,3,Na,5.23024
d,5,medium,yes,d5nMsY,orange,3,Na,110.8535
d,6,control,no,d6nCsN,clear,3,Na,3.803272
a,1,medium,yes,a1nMsY,orange,3,NH4,-0.72488
a,2,high,yes,a2nHsY,green,3,NH4,-0.66887
a,3,medium,no,a3nMsN,orange,3,NH4,-0.58087
a,4,high,no,a4nHsN,green,3,NH4,-0.59687
a,5,control,no,a5nCsN,clear,3,NH4,-0.78088
a,6,control,yes,a6nCsY,clear,3,NH4,-0.73288
b,1,control,no,b1nCsN,clear,3,NH4,-0.18085
b,2,high,no,b2nHsN,green,3,NH4,-0.39686
b,3,medium,no,b3nMsN,green,3,NH4,0.683193
b,4,high,yes,b4nHsY,green,3,NH4,-0.42086
b,5,medium,yes,b5nMsY,green,3,NH4,-0.61287
b,6,control,yes,b6nCsY,clear,3,NH4,-0.31686
c,1,high,yes,c1nHsY,green,3,NH4,-0.25285
c,2,high,no,c2nHsN,green,3,NH4,-0.00484
c,3,control,yes,c3nCsY,clear,3,NH4,-0.22085
c,4,control,no,c4nCsN,clear,3,NH4,-0.05284
c,5,medium,yes,c5nMsY,orange,3,NH4,0.323175
c,6,medium,no,c6nMsN,orange,3,NH4,0.00316
d,1,high,yes,d1nHsY,green,3,NH4,-0.18085
d,2,high,no,d2nHsN,green,3,NH4,-0.45286
d,3,control,yes,d3nCsY,clear,3,NH4,-0.32486
d,4,medium,no,d4nMsN,orange,3,NH4,-0.57287
d,5,medium,yes,d5nMsY,orange,3,NH4,-0.56487
d,6,control,no,d6nCsN,clear,3,NH4,-0.11685
a,1,medium,yes,a1nMsY,orange,3,K,6.153805
a,2,high,yes,a2nHsY,green,3,K,7.264839
a,3,medium,no,a3nMsN,orange,3,K,6.047268
a,4,high,no,a4nHsN,green,3,K,7.417035
a,5,control,no,a5nCsN,clear,3,K,6.001609
a,6,control,yes,a6nCsY,clear,3,K,5.301506
b,1,control,no,b1nCsN,clear,3,K,6.458198
b,2,high,no,b2nHsN,green,3,K,7.264839
b,3,medium,no,b3nMsN,green,3,K,6.914787
b,4,high,yes,b4nHsY,green,3,K,4.236132
b,5,medium,yes,b5nMsY,green,3,K,5.301506
b,6,control,yes,b6nCsY,clear,3,K,5.012333
c,1,high,yes,c1nHsY,green,3,K,6.245123
c,2,high,no,c2nHsN,green,3,K,11.81551
c,3,control,yes,c3nCsY,clear,3,K,4.525305
c,4,control,no,c4nCsN,clear,3,K,5.666777
c,5,medium,yes,c5nMsY,orange,3,K,4.677501
c,6,medium,no,c6nMsN,orange,3,K,8.8629
d,1,high,yes,d1nHsY,green,3,K,4.981894
d,2,high,no,d2nHsN,green,3,K,10.75013
d,3,control,yes,d3nCsY,clear,3,K,3.779542
d,4,medium,no,d4nMsN,orange,3,K,10.27833
d,5,medium,yes,d5nMsY,orange,3,K,6.260343
d,6,control,no,d6nCsN,clear,3,K,7.934503
a,1,medium,yes,a1nMsY,orange,3,Ca,11.86475
a,2,high,yes,a2nHsY,green,3,Ca,19.06508
a,3,medium,no,a3nMsN,orange,3,Ca,21.11566
a,4,high,no,a4nHsN,green,3,Ca,26.80135
a,5,control,no,a5nCsN,clear,3,Ca,22.75845
a,6,control,yes,a6nCsY,clear,3,Ca,11.8764
b,1,control,no,b1nCsN,clear,3,Ca,24.96049
b,2,high,no,b2nHsN,green,3,Ca,34.7357
b,3,medium,no,b3nMsN,green,3,Ca,21.40693
b,4,high,yes,b4nHsY,green,3,Ca,16.94459
b,5,medium,yes,b5nMsY,green,3,Ca,15.24354
b,6,control,yes,b6nCsY,clear,3,Ca,17.17761
c,1,high,yes,c1nHsY,green,3,Ca,15.90765
c,2,high,no,c2nHsN,green,3,Ca,33.52399
c,3,control,yes,c3nCsY,clear,3,Ca,18.66894
c,4,control,no,c4nCsN,clear,3,Ca,21.0341
c,5,medium,yes,c5nMsY,orange,3,Ca,16.82808
c,6,medium,no,c6nMsN,orange,3,Ca,25.51974
d,1,high,yes,d1nHsY,green,3,Ca,20.24183
d,2,high,no,d2nHsN,green,3,Ca,28.63056
d,3,control,yes,d3nCsY,clear,3,Ca,14.59108
d,4,medium,no,d4nMsN,orange,3,Ca,25.44983
d,5,medium,yes,d5nMsY,orange,3,Ca,15.83774
d,6,control,no,d6nCsN,clear,3,Ca,32.53365
a,1,medium,yes,a1nMsY,orange,3,Mg,0.281795
a,2,high,yes,a2nHsY,green,3,Mg,0.214226
a,3,medium,no,a3nMsN,orange,3,Mg,1.438919
a,4,high,no,a4nHsN,green,3,Mg,0.640757
a,5,control,no,a5nCsN,clear,3,Mg,1.113742
a,6,control,yes,a6nCsY,clear,3,Mg,0.167772
b,1,control,no,b1nCsN,clear,3,Mg,0.995496
b,2,high,no,b2nHsN,green,3,Mg,0.797011
b,3,medium,no,b3nMsN,green,3,Mg,1.012388
b,4,high,yes,b4nHsY,green,3,Mg,0.442272
b,5,medium,yes,b5nMsY,green,3,Mg,0.53518
b,6,control,yes,b6nCsY,clear,3,Mg,0.264903
c,1,high,yes,c1nHsY,green,3,Mg,0.226895
c,2,high,no,c2nHsN,green,3,Mg,1.155973
c,3,control,yes,c3nCsY,clear,3,Mg,0.615419
c,4,control,no,c4nCsN,clear,3,Mg,0.374703
c,5,medium,yes,c5nMsY,orange,3,Mg,0.704103
c,6,medium,no,c6nMsN,orange,3,Mg,1.303781
d,1,high,yes,d1nHsY,green,3,Mg,0.856134
d,2,high,no,d2nHsN,green,3,Mg,1.265773
d,3,control,yes,d3nCsY,clear,3,Mg,0.121318
d,4,medium,no,d4nMsN,orange,3,Mg,1.595173
d,5,medium,yes,d5nMsY,orange,3,Mg,0.594303
d,6,control,no,d6nCsN,clear,3,Mg,0.818126
a,1,medium,yes,a1nMsY,orange,4,Na,79.65354
a,2,high,yes,a2nHsY,green,4,Na,61.84866
a,3,medium,no,a3nMsN,orange,4,Na,1.520123
a,4,high,no,a4nHsN,green,4,Na,1.998848
a,5,control,no,a5nCsN,clear,4,Na,2.044879
a,6,control,yes,a6nCsY,clear,4,Na,71.75458
b,1,control,no,b1nCsN,clear,4,Na,1.86996
b,2,high,no,b2nHsN,green,4,Na,1.243936
b,3,medium,no,b3nMsN,green,4,Na,1.667423
b,4,high,yes,b4nHsY,green,4,Na,61.45279
b,5,medium,yes,b5nMsY,green,4,Na,73.28281
b,6,control,yes,b6nCsY,clear,4,Na,66.94892
c,1,high,yes,c1nHsY,green,4,Na,88.18773
c,2,high,no,c2nHsN,green,4,Na,2.551223
c,3,control,yes,c3nCsY,clear,4,Na,70.26316
c,4,control,no,c4nCsN,clear,4,Na,2.229004
c,5,medium,yes,c5nMsY,orange,4,Na,77.99641
c,6,medium,no,c6nMsN,orange,4,Na,2.063292
d,1,high,yes,d1nHsY,green,4,Na,67.16987
d,2,high,no,d2nHsN,green,4,Na,2.38551
d,3,control,yes,d3nCsY,clear,4,Na,60.76232
d,4,medium,no,d4nMsN,orange,4,Na,2.044879
d,5,medium,yes,d5nMsY,orange,4,Na,57.30077
d,6,control,no,d6nCsN,clear,4,Na,2.75376
a,1,medium,yes,a1nMsY,orange,4,NH4,-0.41286
a,2,high,yes,a2nHsY,green,4,NH4,-0.37286
a,3,medium,no,a3nMsN,orange,4,NH4,-0.26085
a,4,high,no,a4nHsN,green,4,NH4,-0.33286
a,5,control,no,a5nCsN,clear,4,NH4,-0.19685
a,6,control,yes,a6nCsY,clear,4,NH4,-0.26085
b,1,control,no,b1nCsN,clear,4,NH4,-0.18885
b,2,high,no,b2nHsN,green,4,NH4,-0.52487
b,3,medium,no,b3nMsN,green,4,NH4,-0.35686
b,4,high,yes,b4nHsY,green,4,NH4,-0.50087
b,5,medium,yes,b5nMsY,green,4,NH4,-0.96489
b,6,control,yes,b6nCsY,clear,4,NH4,-0.20485
c,1,high,yes,c1nHsY,green,4,NH4,-0.38086
c,2,high,no,c2nHsN,green,4,NH4,0.027161
c,3,control,yes,c3nCsY,clear,4,NH4,-0.34086
c,4,control,no,c4nCsN,clear,4,NH4,-0.38886
c,5,medium,yes,c5nMsY,orange,4,NH4,-0.54887
c,6,medium,no,c6nMsN,orange,4,NH4,-0.30886
d,1,high,yes,d1nHsY,green,4,NH4,-0.36486
d,2,high,no,d2nHsN,green,4,NH4,-0.07684
d,3,control,yes,d3nCsY,clear,4,NH4,-0.36486
d,4,medium,no,d4nMsN,orange,4,NH4,-0.14085
d,5,medium,yes,d5nMsY,orange,4,NH4,-0.35686
d,6,control,no,d6nCsN,clear,4,NH4,-0.22085
a,1,medium,yes,a1nMsY,orange,4,K,4.692721
a,2,high,yes,a2nHsY,green,4,K,3.9013
a,3,medium,no,a3nMsN,orange,4,K,3.87086
a,4,high,no,a4nHsN,green,4,K,7.706208
a,5,control,no,a5nCsN,clear,4,K,4.540524
a,6,control,yes,a6nCsY,clear,4,K,4.875356
b,1,control,no,b1nCsN,clear,4,K,4.160033
b,2,high,no,b2nHsN,green,4,K,5.56024
b,3,medium,no,b3nMsN,green,4,K,4.464426
b,4,high,yes,b4nHsY,green,4,K,3.733884
b,5,medium,yes,b5nMsY,green,4,K,4.357889
b,6,control,yes,b6nCsY,clear,4,K,3.88608
c,1,high,yes,c1nHsY,green,4,K,5.864632
c,2,high,no,c2nHsN,green,4,K,6.853909
c,3,control,yes,c3nCsY,clear,4,K,4.144814
c,4,control,no,c4nCsN,clear,4,K,4.388328
c,5,medium,yes,c5nMsY,orange,4,K,4.799258
c,6,medium,no,c6nMsN,orange,4,K,5.13409
d,1,high,yes,d1nHsY,green,4,K,4.114374
d,2,high,no,d2nHsN,green,4,K,7.675769
d,3,control,yes,d3nCsY,clear,4,K,3.642566
d,4,medium,no,d4nMsN,orange,4,K,4.449206
d,5,medium,yes,d5nMsY,orange,4,K,3.292514
d,6,control,no,d6nCsN,clear,4,K,5.681997
a,1,medium,yes,a1nMsY,orange,4,Ca,15.9193
a,2,high,yes,a2nHsY,green,4,Ca,13.84542
a,3,medium,no,a3nMsN,orange,4,Ca,16.4436
a,4,high,no,a4nHsN,green,4,Ca,19.68258
a,5,control,no,a5nCsN,clear,4,Ca,21.24382
a,6,control,yes,a6nCsY,clear,4,Ca,17.95823
b,1,control,no,b1nCsN,clear,4,Ca,19.07673
b,2,high,no,b2nHsN,green,4,Ca,28.84028
b,3,medium,no,b3nMsN,green,4,Ca,17.45724
b,4,high,yes,b4nHsY,green,4,Ca,16.05911
b,5,medium,yes,b5nMsY,green,4,Ca,9.919025
b,6,control,yes,b6nCsY,clear,4,Ca,18.68059
c,1,high,yes,c1nHsY,green,4,Ca,15.9193
c,2,high,no,c2nHsN,green,4,Ca,25.61295
c,3,control,yes,c3nCsY,clear,4,Ca,16.4669
c,4,control,no,c4nCsN,clear,4,Ca,19.10003
c,5,medium,yes,c5nMsY,orange,4,Ca,16.43195
c,6,medium,no,c6nMsN,orange,4,Ca,17.77181
d,1,high,yes,d1nHsY,green,4,Ca,27.3839
d,2,high,no,d2nHsN,green,4,Ca,25.46149
d,3,control,yes,d3nCsY,clear,4,Ca,20.40494
d,4,medium,no,d4nMsN,orange,4,Ca,14.49788
d,5,medium,yes,d5nMsY,orange,4,Ca,18.55243
d,6,control,no,d6nCsN,clear,4,Ca,23.63228
a,1,medium,yes,a1nMsY,orange,4,Mg,0.497172
a,2,high,yes,a2nHsY,green,4,Mg,0.125541
a,3,medium,no,a3nMsN,orange,4,Mg,0.522511
a,4,high,no,a4nHsN,green,4,Mg,0.581634
a,5,control,no,a5nCsN,clear,4,Mg,0.505618
a,6,control,yes,a6nCsY,clear,4,Mg,0.015741
b,1,control,no,b1nCsN,clear,4,Mg,0.146657
b,2,high,no,b2nHsN,green,4,Mg,0.201557
b,3,medium,no,b3nMsN,green,4,Mg,0.222672
b,4,high,yes,b4nHsY,green,4,Mg,0.336695
b,5,medium,yes,b5nMsY,green,4,Mg,0.015741
b,6,control,yes,b6nCsY,clear,4,Mg,0.98705
c,1,high,yes,c1nHsY,green,4,Mg,0.463388
c,2,high,no,c2nHsN,green,4,Mg,0.514065
c,3,control,yes,c3nCsY,clear,4,Mg,0.273349
c,4,control,no,c4nCsN,clear,4,Mg,0.340918
c,5,medium,yes,c5nMsY,orange,4,Mg,-0.02227
c,6,medium,no,c6nMsN,orange,4,Mg,0.408488
d,1,high,yes,d1nHsY,green,4,Mg,0.488726
d,2,high,no,d2nHsN,green,4,Mg,0.737888
d,3,control,yes,d3nCsY,clear,4,Mg,0.353587
d,4,medium,no,d4nMsN,orange,4,Mg,0.218449
d,5,medium,yes,d5nMsY,orange,4,Mg,0.467611
d,6,control,no,d6nCsN,clear,4,Mg,0.167772
a,1,medium,yes,a1nMsY,orange,5,Na,18.5407
a,2,high,yes,a2nHsY,green,5,Na,203.6029
a,3,medium,no,a3nMsN,orange,5,Na,-8.03569
a,4,high,no,a4nHsN,green,5,Na,-10.2484
a,5,control,no,a5nCsN,clear,5,Na,-8.03569
a,6,control,yes,a6nCsY,clear,5,Na,5.775279
b,1,control,no,b1nCsN,clear,5,Na,-16.4973
b,2,high,no,b2nHsN,green,5,Na,-8.32747
b,3,medium,no,b3nMsN,green,5,Na,-7.67097
b,4,high,yes,b4nHsY,green,5,Na,291.0156
b,5,medium,yes,b5nMsY,green,5,Na,13.77494
b,6,control,yes,b6nCsY,clear,5,Na,26.44311
c,1,high,yes,c1nHsY,green,5,Na,13.3859
c,2,high,no,c2nHsN,green,5,Na,-16.3758
c,3,control,yes,c3nCsY,clear,5,Na,175.0813
c,4,control,no,c4nCsN,clear,5,Na,-16.6189
c,5,medium,yes,c5nMsY,orange,5,Na,29.77428
c,6,medium,no,c6nMsN,orange,5,Na,-7.4035
d,1,high,yes,d1nHsY,green,5,Na,226.4104
d,2,high,no,d2nHsN,green,5,Na,-6.86857
d,3,control,yes,d3nCsY,clear,5,Na,83.72947
d,4,medium,no,d4nMsN,orange,5,Na,-15.3789
d,5,medium,yes,d5nMsY,orange,5,Na,63.23184
d,6,control,no,d6nCsN,clear,5,Na,-6.47953
a,1,medium,yes,a1nMsY,orange,5,NH4,-35.3068
a,2,high,yes,a2nHsY,green,5,NH4,-34.7569
a,3,medium,no,a3nMsN,orange,5,NH4,-34.9895
a,4,high,no,a4nHsN,green,5,NH4,-34.7357
a,5,control,no,a5nCsN,clear,5,NH4,-34.778
a,6,control,yes,a6nCsY,clear,5,NH4,-35.0953
b,1,control,no,b1nCsN,clear,5,NH4,-33.784
b,2,high,no,b2nHsN,green,5,NH4,-35.0107
b,3,medium,no,b3nMsN,green,5,NH4,-34.4185
b,4,high,yes,b4nHsY,green,5,NH4,-36.4066
b,5,medium,yes,b5nMsY,green,5,NH4,-35.201
b,6,control,yes,b6nCsY,clear,5,NH4,-33.509
c,1,high,yes,c1nHsY,green,5,NH4,-34.7357
c,2,high,no,c2nHsN,green,5,NH4,-34.6723
c,3,control,yes,c3nCsY,clear,5,NH4,-34.5665
c,4,control,no,c4nCsN,clear,5,NH4,-34.7992
c,5,medium,yes,c5nMsY,orange,5,NH4,-34.9472
c,6,medium,no,c6nMsN,orange,5,NH4,-34.4819
d,1,high,yes,d1nHsY,green,5,NH4,-36.2374
d,2,high,no,d2nHsN,green,5,NH4,-36.2585
d,3,control,yes,d3nCsY,clear,5,NH4,-34.8203
d,4,medium,no,d4nMsN,orange,5,NH4,-34.9049
d,5,medium,yes,d5nMsY,orange,5,NH4,-36.5758
d,6,control,no,d6nCsN,clear,5,NH4,-36.2162
a,1,medium,yes,a1nMsY,orange,5,K,-14.48
a,2,high,yes,a2nHsY,green,5,K,5.408956
a,3,medium,no,a3nMsN,orange,5,K,0.598407
a,4,high,no,a4nHsN,green,5,K,7.38977
a,5,control,no,a5nCsN,clear,5,K,-1.98878
a,6,control,yes,a6nCsY,clear,5,K,-15.6119
b,1,control,no,b1nCsN,clear,5,K,-15.6524
b,2,high,no,b2nHsN,green,5,K,5.934478
b,3,medium,no,b3nMsN,green,5,K,2.781345
b,4,high,yes,b4nHsY,green,5,K,6.985522
b,5,medium,yes,b5nMsY,green,5,K,-15.5311
b,6,control,yes,b6nCsY,clear,5,K,-15.0056
c,1,high,yes,c1nHsY,green,5,K,-15.5311
c,2,high,no,c2nHsN,green,5,K,-14.2779
c,3,control,yes,c3nCsY,clear,5,K,-2.75685
c,4,control,no,c4nCsN,clear,5,K,-16.6225
c,5,medium,yes,c5nMsY,orange,5,K,-12.3779
c,6,medium,no,c6nMsN,orange,5,K,1.528177
d,1,high,yes,d1nHsY,green,5,K,3.589841
d,2,high,no,d2nHsN,green,5,K,5.206832
d,3,control,yes,d3nCsY,clear,5,K,-9.10354
d,4,medium,no,d4nMsN,orange,5,K,-14.1566
d,5,medium,yes,d5nMsY,orange,5,K,-12.4184
d,6,control,no,d6nCsN,clear,5,K,2.417522
a,1,medium,yes,a1nMsY,orange,5,Ca,-37.5067
a,2,high,yes,a2nHsY,green,5,Ca,26.13695
a,3,medium,no,a3nMsN,orange,5,Ca,22.59263
a,4,high,no,a4nHsN,green,5,Ca,35.47546
a,5,control,no,a5nCsN,clear,5,Ca,37.44795
a,6,control,yes,a6nCsY,clear,5,Ca,-38.3696
b,1,control,no,b1nCsN,clear,5,Ca,-45.3658
b,2,high,no,b2nHsN,green,5,Ca,65.67921
b,3,medium,no,b3nMsN,green,5,Ca,25.85957
b,4,high,yes,b4nHsY,green,5,Ca,14.14791
b,5,medium,yes,b5nMsY,green,5,Ca,-42.1297
b,6,control,yes,b6nCsY,clear,5,Ca,-45.0576
c,1,high,yes,c1nHsY,green,5,Ca,-44.3179
c,2,high,no,c2nHsN,green,5,Ca,-34.024
c,3,control,yes,c3nCsY,clear,5,Ca,32.67082
c,4,control,no,c4nCsN,clear,5,Ca,-38.6778
c,5,medium,yes,c5nMsY,orange,5,Ca,-42.7153
c,6,medium,no,c6nMsN,orange,5,Ca,27.46222
d,1,high,yes,d1nHsY,green,5,Ca,72.92195
d,2,high,no,d2nHsN,green,5,Ca,47.98844
d,3,control,yes,d3nCsY,clear,5,Ca,-22.0966
d,4,medium,no,d4nMsN,orange,5,Ca,-36.6129
d,5,medium,yes,d5nMsY,orange,5,Ca,-37.63
d,6,control,no,d6nCsN,clear,5,Ca,50.94718
a,1,medium,yes,a1nMsY,orange,5,Mg,-14.7651
a,2,high,yes,a2nHsY,green,5,Mg,-12.2122
a,3,medium,no,a3nMsN,orange,5,Mg,-11.3872
a,4,high,no,a4nHsN,green,5,Mg,-10.9635
a,5,control,no,a5nCsN,clear,5,Mg,-9.62573
a,6,control,yes,a6nCsY,clear,5,Mg,-15.9803
b,1,control,no,b1nCsN,clear,5,Mg,-16.1698
b,2,high,no,b2nHsN,green,5,Mg,-12.7138
b,3,medium,no,b3nMsN,green,5,Mg,-11.978
b,4,high,yes,b4nHsY,green,5,Mg,-11.6993
b,5,medium,yes,b5nMsY,green,5,Mg,-16.0472
b,6,control,yes,b6nCsY,clear,5,Mg,-16.0584
c,1,high,yes,c1nHsY,green,5,Mg,-15.7796
c,2,high,no,c2nHsN,green,5,Mg,-14.9435
c,3,control,yes,c3nCsY,clear,5,Mg,-11.2199
c,4,control,no,c4nCsN,clear,5,Mg,-16.9948
c,5,medium,yes,c5nMsY,orange,5,Mg,-16.4708
c,6,medium,no,c6nMsN,orange,5,Mg,-11.9557
d,1,high,yes,d1nHsY,green,5,Mg,-7.26227
d,2,high,no,d2nHsN,green,5,Mg,-9.22438
d,3,control,yes,d3nCsY,clear,5,Mg,-14.2969
d,4,medium,no,d4nMsN,orange,5,Mg,-15.5232
d,5,medium,yes,d5nMsY,orange,5,Mg,-15.2111
d,6,control,no,d6nCsN,clear,5,Mg,-12.2902
a,1,medium,yes,a1nMsY,orange,0,F,0.001468
a,2,high,yes,a2nHsY,green,0,F,0.001468
a,3,medium,no,a3nMsN,orange,0,F,0.001468
a,4,high,no,a4nHsN,green,0,F,0.001468
a,5,control,no,a5nCsN,clear,0,F,0.001468
a,6,control,yes,a6nCsY,clear,0,F,0.001468
b,1,control,no,b1nCsN,clear,0,F,0.001468
b,2,high,no,b2nHsN,green,0,F,0.001468
b,3,medium,no,b3nMsN,green,0,F,0.001468
b,4,high,yes,b4nHsY,green,0,F,0.001468
b,5,medium,yes,b5nMsY,green,0,F,0.001468
b,6,control,yes,b6nCsY,clear,0,F,0.001468
c,1,high,yes,c1nHsY,green,0,F,0.001468
c,2,high,no,c2nHsN,green,0,F,0.001468
c,3,control,yes,c3nCsY,clear,0,F,0.001468
c,4,control,no,c4nCsN,clear,0,F,0.001468
c,5,medium,yes,c5nMsY,orange,0,F,0.001468
c,6,medium,no,c6nMsN,orange,0,F,0.001468
d,1,high,yes,d1nHsY,green,0,F,0.001468
d,2,high,no,d2nHsN,green,0,F,0.001468
d,3,control,yes,d3nCsY,clear,0,F,0.001468
d,4,medium,no,d4nMsN,orange,0,F,0.001468
d,5,medium,yes,d5nMsY,orange,0,F,0.001468
d,6,control,no,d6nCsN,clear,0,F,0.001468
a,1,medium,yes,a1nMsY,orange,0,Cl,6.359616
a,2,high,yes,a2nHsY,green,0,Cl,-1.39318
a,3,medium,no,a3nMsN,orange,0,Cl,1.169904
a,4,high,no,a4nHsN,green,0,Cl,-1.41436
a,5,control,no,a5nCsN,clear,0,Cl,-1.5697
a,6,control,yes,a6nCsY,clear,0,Cl,-1.25196
b,1,control,no,b1nCsN,clear,0,Cl,-1.64737
b,2,high,no,b2nHsN,green,0,Cl,-1.59088
b,3,medium,no,b3nMsN,green,0,Cl,-2.16281
b,4,high,yes,b4nHsY,green,0,Cl,-1.98629
b,5,medium,yes,b5nMsY,green,0,Cl,0.739193
b,6,control,yes,b6nCsY,clear,0,Cl,-1.34375
c,1,high,yes,c1nHsY,green,0,Cl,-1.85213
c,2,high,no,c2nHsN,green,0,Cl,-1.22372
c,3,control,yes,c3nCsY,clear,0,Cl,-1.65443
c,4,control,no,c4nCsN,clear,0,Cl,-1.18135
c,5,medium,yes,c5nMsY,orange,0,Cl,-1.23078
c,6,medium,no,c6nMsN,orange,0,Cl,-1.4426
d,1,high,yes,d1nHsY,green,0,Cl,-1.08956
d,2,high,no,d2nHsN,green,0,Cl,-1.42848
d,3,control,yes,d3nCsY,clear,0,Cl,-1.49203
d,4,medium,no,d4nMsN,orange,0,Cl,-0.22814
d,5,medium,yes,d5nMsY,orange,0,Cl,-1.17429
d,6,control,no,d6nCsN,clear,0,Cl,-1.11075
a,1,medium,yes,a1nMsY,orange,0,NO2,-1.06998
a,2,high,yes,a2nHsY,green,0,NO2,-0.90917
a,3,medium,no,a3nMsN,orange,0,NO2,-1.06998
a,4,high,no,a4nHsN,green,0,NO2,-1.06998
a,5,control,no,a5nCsN,clear,0,NO2,-1.06998
a,6,control,yes,a6nCsY,clear,0,NO2,-1.06998
b,1,control,no,b1nCsN,clear,0,NO2,-0.94134
b,2,high,no,b2nHsN,green,0,NO2,-1.06998
b,3,medium,no,b3nMsN,green,0,NO2,-1.06998
b,4,high,yes,b4nHsY,green,0,NO2,-1.06998
b,5,medium,yes,b5nMsY,green,0,NO2,-0.9199
b,6,control,yes,b6nCsY,clear,0,NO2,-1.06998
c,1,high,yes,c1nHsY,green,0,NO2,-1.06998
c,2,high,no,c2nHsN,green,0,NO2,-1.06998
c,3,control,yes,c3nCsY,clear,0,NO2,-1.06998
c,4,control,no,c4nCsN,clear,0,NO2,-0.90917
c,5,medium,yes,c5nMsY,orange,0,NO2,-1.06998
c,6,medium,no,c6nMsN,orange,0,NO2,-1.06998
d,1,high,yes,d1nHsY,green,0,NO2,-1.06998
d,2,high,no,d2nHsN,green,0,NO2,-1.06998
d,3,control,yes,d3nCsY,clear,0,NO2,-1.06998
d,4,medium,no,d4nMsN,orange,0,NO2,-0.88773
d,5,medium,yes,d5nMsY,orange,0,NO2,-0.85557
d,6,control,no,d6nCsN,clear,0,NO2,-1.06998
a,1,medium,yes,a1nMsY,orange,0,Br,-1.37437
a,2,high,yes,a2nHsY,green,0,Br,-1.37437
a,3,medium,no,a3nMsN,orange,0,Br,-1.15864
a,4,high,no,a4nHsN,green,0,Br,-1.09226
a,5,control,no,a5nCsN,clear,0,Br,-1.37437
a,6,control,yes,a6nCsY,clear,0,Br,-1.37437
b,1,control,no,b1nCsN,clear,0,Br,-1.14204
b,2,high,no,b2nHsN,green,0,Br,-1.37437
b,3,medium,no,b3nMsN,green,0,Br,-1.37437
b,4,high,yes,b4nHsY,green,0,Br,-1.37437
b,5,medium,yes,b5nMsY,green,0,Br,-1.37437
b,6,control,yes,b6nCsY,clear,0,Br,-1.37437
c,1,high,yes,c1nHsY,green,0,Br,-1.37437
c,2,high,no,c2nHsN,green,0,Br,-1.37437
c,3,control,yes,c3nCsY,clear,0,Br,-1.37437
c,4,control,no,c4nCsN,clear,0,Br,-1.37437
c,5,medium,yes,c5nMsY,orange,0,Br,-1.37437
c,6,medium,no,c6nMsN,orange,0,Br,-1.37437
d,1,high,yes,d1nHsY,green,0,Br,-1.14204
d,2,high,no,d2nHsN,green,0,Br,-1.37437
d,3,control,yes,d3nCsY,clear,0,Br,-1.17523
d,4,medium,no,d4nMsN,orange,0,Br,-1.37437
d,5,medium,yes,d5nMsY,orange,0,Br,-1.37437
d,6,control,no,d6nCsN,clear,0,Br,-1.37437
a,1,medium,yes,a1nMsY,orange,0,NO3,0.372374
a,2,high,yes,a2nHsY,green,0,NO3,1.647449
a,3,medium,no,a3nMsN,orange,0,NO3,1.140021
a,4,high,no,a4nHsN,green,0,NO3,1.595406
a,5,control,no,a5nCsN,clear,0,NO3,0.034089
a,6,control,yes,a6nCsY,clear,0,NO3,0.918835
b,1,control,no,b1nCsN,clear,0,NO3,-0.09602
b,2,high,no,b2nHsN,green,0,NO3,0.541517
b,3,medium,no,b3nMsN,green,0,NO3,0.060111
b,4,high,yes,b4nHsY,green,0,NO3,0.359363
b,5,medium,yes,b5nMsY,green,0,NO3,0.970879
b,6,control,yes,b6nCsY,clear,0,NO3,0.72367
c,1,high,yes,c1nHsY,green,0,NO3,-0.14807
c,2,high,no,c2nHsN,green,0,NO3,0.879802
c,3,control,yes,c3nCsY,clear,0,NO3,0.502484
c,4,control,no,c4nCsN,clear,0,NO3,0.307319
c,5,medium,yes,c5nMsY,orange,0,NO3,0.008067
c,6,medium,no,c6nMsN,orange,0,NO3,0.905824
d,1,high,yes,d1nHsY,green,0,NO3,1.153032
d,2,high,no,d2nHsN,green,0,NO3,1.374219
d,3,control,yes,d3nCsY,clear,0,NO3,0.944857
d,4,medium,no,d4nMsN,orange,0,NO3,-0.44732
d,5,medium,yes,d5nMsY,orange,0,NO3,1.79057
d,6,control,no,d6nCsN,clear,0,NO3,1.933691
a,1,medium,yes,a1nMsY,orange,0,PO4,-4.0947
a,2,high,yes,a2nHsY,green,0,PO4,-4.07119
a,3,medium,no,a3nMsN,orange,0,PO4,-4.49444
a,4,high,no,a4nHsN,green,0,PO4,-4.49444
a,5,control,no,a5nCsN,clear,0,PO4,-4.49444
a,6,control,yes,a6nCsY,clear,0,PO4,-4.49444
b,1,control,no,b1nCsN,clear,0,PO4,-4.23579
b,2,high,no,b2nHsN,green,0,PO4,-4.23579
b,3,medium,no,b3nMsN,green,0,PO4,-4.49444
b,4,high,yes,b4nHsY,green,0,PO4,-4.0947
b,5,medium,yes,b5nMsY,green,0,PO4,-4.49444
b,6,control,yes,b6nCsY,clear,0,PO4,-4.49444
c,1,high,yes,c1nHsY,green,0,PO4,-4.18876
c,2,high,no,c2nHsN,green,0,PO4,-4.21227
c,3,control,yes,c3nCsY,clear,0,PO4,-4.49444
c,4,control,no,c4nCsN,clear,0,PO4,-4.23579
c,5,medium,yes,c5nMsY,orange,0,PO4,-4.49444
c,6,medium,no,c6nMsN,orange,0,PO4,-4.07119
d,1,high,yes,d1nHsY,green,0,PO4,-3.93011
d,2,high,no,d2nHsN,green,0,PO4,-4.49444
d,3,control,yes,d3nCsY,clear,0,PO4,-3.81254
d,4,medium,no,d4nMsN,orange,0,PO4,-3.88308
d,5,medium,yes,d5nMsY,orange,0,PO4,-4.18876
d,6,control,no,d6nCsN,clear,0,PO4,-4.49444
a,1,medium,yes,a1nMsY,orange,0,SO4,339.4459
a,2,high,yes,a2nHsY,green,0,SO4,89.71785
a,3,medium,no,a3nMsN,orange,0,SO4,1.129478
a,4,high,no,a4nHsN,green,0,SO4,45.89259
a,5,control,no,a5nCsN,clear,0,SO4,0.876261
a,6,control,yes,a6nCsY,clear,0,SO4,1.842237
b,1,control,no,b1nCsN,clear,0,SO4,0.454233
b,2,high,no,b2nHsN,green,0,SO4,0.923153
b,3,medium,no,b3nMsN,green,0,SO4,2605.211
b,4,high,yes,b4nHsY,green,0,SO4,134.7904
b,5,medium,yes,b5nMsY,green,0,SO4,1.438965
b,6,control,yes,b6nCsY,clear,0,SO4,867.3749
c,1,high,yes,c1nHsY,green,0,SO4,1.204505
c,2,high,no,c2nHsN,green,0,SO4,3.75543
c,3,control,yes,c3nCsY,clear,0,SO4,3.295889
c,4,control,no,c4nCsN,clear,0,SO4,57.08102
c,5,medium,yes,c5nMsY,orange,0,SO4,1.804723
c,6,medium,no,c6nMsN,orange,0,SO4,1.382695
d,1,high,yes,d1nHsY,green,0,SO4,424.583
d,2,high,no,d2nHsN,green,0,SO4,221.7845
d,3,control,yes,d3nCsY,clear,0,SO4,0.529261
d,4,medium,no,d4nMsN,orange,0,SO4,1.392073
d,5,medium,yes,d5nMsY,orange,0,SO4,1.082586
d,6,control,no,d6nCsN,clear,0,SO4,1.298289
a,1,medium,yes,a1nMsY,orange,1,F,0.001468
a,2,high,yes,a2nHsY,green,1,F,0.001468
a,3,medium,no,a3nMsN,orange,1,F,0.001468
a,4,high,no,a4nHsN,green,1,F,0.001468
a,5,control,no,a5nCsN,clear,1,F,0.001468
a,6,control,yes,a6nCsY,clear,1,F,0.001468
b,1,control,no,b1nCsN,clear,1,F,0.001468
b,2,high,no,b2nHsN,green,1,F,0.001468
b,3,medium,no,b3nMsN,green,1,F,0.001468
b,4,high,yes,b4nHsY,green,1,F,0.001468
b,5,medium,yes,b5nMsY,green,1,F,0.001468
b,6,control,yes,b6nCsY,clear,1,F,0.001468
c,1,high,yes,c1nHsY,green,1,F,0.001468
c,2,high,no,c2nHsN,green,1,F,0.001468
c,3,control,yes,c3nCsY,clear,1,F,0.001468
c,4,control,no,c4nCsN,clear,1,F,0.001468
c,5,medium,yes,c5nMsY,orange,1,F,0.001468
c,6,medium,no,c6nMsN,orange,1,F,0.001468
d,1,high,yes,d1nHsY,green,1,F,0.001468
d,2,high,no,d2nHsN,green,1,F,0.001468
d,3,control,yes,d3nCsY,clear,1,F,0.001468
d,4,medium,no,d4nMsN,orange,1,F,0.001468
d,5,medium,yes,d5nMsY,orange,1,F,0.001468
d,6,control,no,d6nCsN,clear,1,F,0.001468
a,1,medium,yes,a1nMsY,orange,1,Cl,83.20266
a,2,high,yes,a2nHsY,green,1,Cl,75.16743
a,3,medium,no,a3nMsN,orange,1,Cl,3.549405
a,4,high,no,a4nHsN,green,1,Cl,-0.55294
a,5,control,no,a5nCsN,clear,1,Cl,-1.06838
a,6,control,yes,a6nCsY,clear,1,Cl,90.05873
b,1,control,no,b1nCsN,clear,1,Cl,-1.66855
b,2,high,no,b2nHsN,green,1,Cl,-1.03308
b,3,medium,no,b3nMsN,green,1,Cl,-1.63325
b,4,high,yes,b4nHsY,green,1,Cl,76.95382
b,5,medium,yes,b5nMsY,green,1,Cl,71.51698
b,6,control,yes,b6nCsY,clear,1,Cl,66.98393
c,1,high,yes,c1nHsY,green,1,Cl,108.8123
c,2,high,no,c2nHsN,green,1,Cl,-0.89186
c,3,control,yes,c3nCsY,clear,1,Cl,101.0313
c,4,control,no,c4nCsN,clear,1,Cl,-1.0825
c,5,medium,yes,c5nMsY,orange,1,Cl,120.4203
c,6,medium,no,c6nMsN,orange,1,Cl,-1.38612
d,1,high,yes,d1nHsY,green,1,Cl,103.3119
d,2,high,no,d2nHsN,green,1,Cl,-1.22372
d,3,control,yes,d3nCsY,clear,1,Cl,122.9693
d,4,medium,no,d4nMsN,orange,1,Cl,-1.0472
d,5,medium,yes,d5nMsY,orange,1,Cl,68.36079
d,6,control,no,d6nCsN,clear,1,Cl,-0.40466
a,1,medium,yes,a1nMsY,orange,1,NO2,-1.06998
a,2,high,yes,a2nHsY,green,1,NO2,-1.06998
a,3,medium,no,a3nMsN,orange,1,NO2,-0.94134
a,4,high,no,a4nHsN,green,1,NO2,-1.06998
a,5,control,no,a5nCsN,clear,1,NO2,-1.06998
a,6,control,yes,a6nCsY,clear,1,NO2,-1.06998
b,1,control,no,b1nCsN,clear,1,NO2,-1.06998
b,2,high,no,b2nHsN,green,1,NO2,-1.06998
b,3,medium,no,b3nMsN,green,1,NO2,-1.06998
b,4,high,yes,b4nHsY,green,1,NO2,-1.06998
b,5,medium,yes,b5nMsY,green,1,NO2,-1.06998
b,6,control,yes,b6nCsY,clear,1,NO2,-1.06998
c,1,high,yes,c1nHsY,green,1,NO2,-1.06998
c,2,high,no,c2nHsN,green,1,NO2,-1.06998
c,3,control,yes,c3nCsY,clear,1,NO2,-1.06998
c,4,control,no,c4nCsN,clear,1,NO2,-1.06998
c,5,medium,yes,c5nMsY,orange,1,NO2,-1.06998
c,6,medium,no,c6nMsN,orange,1,NO2,-1.06998
d,1,high,yes,d1nHsY,green,1,NO2,-1.06998
d,2,high,no,d2nHsN,green,1,NO2,-1.06998
d,3,control,yes,d3nCsY,clear,1,NO2,-1.06998
d,4,medium,no,d4nMsN,orange,1,NO2,-1.06998
d,5,medium,yes,d5nMsY,orange,1,NO2,-1.06998
d,6,control,no,d6nCsN,clear,1,NO2,-1.06998
a,1,medium,yes,a1nMsY,orange,1,Br,-1.37437
a,2,high,yes,a2nHsY,green,1,Br,-1.37437
a,3,medium,no,a3nMsN,orange,1,Br,-1.37437
a,4,high,no,a4nHsN,green,1,Br,-1.37437
a,5,control,no,a5nCsN,clear,1,Br,-1.37437
a,6,control,yes,a6nCsY,clear,1,Br,-1.37437
b,1,control,no,b1nCsN,clear,1,Br,-1.37437
b,2,high,no,b2nHsN,green,1,Br,-1.37437
b,3,medium,no,b3nMsN,green,1,Br,-1.37437
b,4,high,yes,b4nHsY,green,1,Br,-1.37437
b,5,medium,yes,b5nMsY,green,1,Br,-1.37437
b,6,control,yes,b6nCsY,clear,1,Br,-1.37437
c,1,high,yes,c1nHsY,green,1,Br,-1.37437
c,2,high,no,c2nHsN,green,1,Br,-1.37437
c,3,control,yes,c3nCsY,clear,1,Br,-1.37437
c,4,control,no,c4nCsN,clear,1,Br,-1.37437
c,5,medium,yes,c5nMsY,orange,1,Br,-1.37437
c,6,medium,no,c6nMsN,orange,1,Br,-1.37437
d,1,high,yes,d1nHsY,green,1,Br,-1.37437
d,2,high,no,d2nHsN,green,1,Br,-1.37437
d,3,control,yes,d3nCsY,clear,1,Br,-1.37437
d,4,medium,no,d4nMsN,orange,1,Br,-1.37437
d,5,medium,yes,d5nMsY,orange,1,Br,-1.37437
d,6,control,no,d6nCsN,clear,1,Br,-1.37437
a,1,medium,yes,a1nMsY,orange,1,NO3,-0.29119
a,2,high,yes,a2nHsY,green,1,NO3,20.26615
a,3,medium,no,a3nMsN,orange,1,NO3,5.030303
a,4,high,no,a4nHsN,green,1,NO3,17.67697
a,5,control,no,a5nCsN,clear,1,NO3,3.247799
a,6,control,yes,a6nCsY,clear,1,NO3,1.608417
b,1,control,no,b1nCsN,clear,1,NO3,0.58055
b,2,high,no,b2nHsN,green,1,NO3,33.48531
b,3,medium,no,b3nMsN,green,1,NO3,4.887182
b,4,high,yes,b4nHsY,green,1,NO3,22.86835
b,5,medium,yes,b5nMsY,green,1,NO3,4.744062
b,6,control,yes,b6nCsY,clear,1,NO3,-0.13505
c,1,high,yes,c1nHsY,green,1,NO3,29.76417
c,2,high,no,c2nHsN,green,1,NO3,22.08769
c,3,control,yes,c3nCsY,clear,1,NO3,1.244109
c,4,control,no,c4nCsN,clear,1,NO3,0.658615
c,5,medium,yes,c5nMsY,orange,1,NO3,5.017292
c,6,medium,no,c6nMsN,orange,1,NO3,6.513554
d,1,high,yes,d1nHsY,green,1,NO3,29.9203
d,2,high,no,d2nHsN,green,1,NO3,22.62114
d,3,control,yes,d3nCsY,clear,1,NO3,0.840769
d,4,medium,no,d4nMsN,orange,1,NO3,2.115845
d,5,medium,yes,d5nMsY,orange,1,NO3,0.98389
d,6,control,no,d6nCsN,clear,1,NO3,2.714349
a,1,medium,yes,a1nMsY,orange,1,PO4,-4.14173
a,2,high,yes,a2nHsY,green,1,PO4,-3.36577
a,3,medium,no,a3nMsN,orange,1,PO4,-4.49444
a,4,high,no,a4nHsN,green,1,PO4,-2.7309
a,5,control,no,a5nCsN,clear,1,PO4,-4.49444
a,6,control,yes,a6nCsY,clear,1,PO4,-4.49444
b,1,control,no,b1nCsN,clear,1,PO4,-4.49444
b,2,high,no,b2nHsN,green,1,PO4,-1.95494
b,3,medium,no,b3nMsN,green,1,PO4,-4.23579
b,4,high,yes,b4nHsY,green,1,PO4,-3.64794
b,5,medium,yes,b5nMsY,green,1,PO4,-4.18876
b,6,control,yes,b6nCsY,clear,1,PO4,-4.49444
c,1,high,yes,c1nHsY,green,1,PO4,-2.42522
c,2,high,no,c2nHsN,green,1,PO4,-1.83737
c,3,control,yes,c3nCsY,clear,1,PO4,-4.49444
c,4,control,no,c4nCsN,clear,1,PO4,-4.49444
c,5,medium,yes,c5nMsY,orange,1,PO4,-4.11822
c,6,medium,no,c6nMsN,orange,1,PO4,-4.49444
d,1,high,yes,d1nHsY,green,1,PO4,-3.45983
d,2,high,no,d2nHsN,green,1,PO4,-2.51927
d,3,control,yes,d3nCsY,clear,1,PO4,-4.49444
d,4,medium,no,d4nMsN,orange,1,PO4,-3.97713
d,5,medium,yes,d5nMsY,orange,1,PO4,-4.49444
d,6,control,no,d6nCsN,clear,1,PO4,-4.49444
a,1,medium,yes,a1nMsY,orange,1,SO4,59.38811
a,2,high,yes,a2nHsY,green,1,SO4,5.846814
a,3,medium,no,a3nMsN,orange,1,SO4,1.195127
a,4,high,no,a4nHsN,green,1,SO4,19.57679
a,5,control,no,a5nCsN,clear,1,SO4,2.00167
a,6,control,yes,a6nCsY,clear,1,SO4,1.729696
b,1,control,no,b1nCsN,clear,1,SO4,0.970045
b,2,high,no,b2nHsN,green,1,SO4,6.025004
b,3,medium,no,b3nMsN,green,1,SO4,1023.235
b,4,high,yes,b4nHsY,green,1,SO4,1600.663
b,5,medium,yes,b5nMsY,green,1,SO4,105.2766
b,6,control,yes,b6nCsY,clear,1,SO4,1.260776
c,1,high,yes,c1nHsY,green,1,SO4,680.2758
c,2,high,no,c2nHsN,green,1,SO4,4.927731
c,3,control,yes,c3nCsY,clear,1,SO4,2.479968
c,4,control,no,c4nCsN,clear,1,SO4,3.061429
c,5,medium,yes,c5nMsY,orange,1,SO4,2.564374
c,6,medium,no,c6nMsN,orange,1,SO4,1.429587
d,1,high,yes,d1nHsY,green,1,SO4,7.516169
d,2,high,no,d2nHsN,green,1,SO4,5.452921
d,3,control,yes,d3nCsY,clear,1,SO4,1.64529
d,4,medium,no,d4nMsN,orange,1,SO4,1.936021
d,5,medium,yes,d5nMsY,orange,1,SO4,2.11421
d,6,control,no,d6nCsN,clear,1,SO4,3.192726
a,1,medium,yes,a1nMsY,orange,2,F,0.99481006
a,2,high,yes,a2nHsY,green,2,F,0.99481006
a,3,medium,no,a3nMsN,orange,2,F,0.99481006
a,4,high,no,a4nHsN,green,2,F,0.99481006
a,5,control,no,a5nCsN,clear,2,F,0.99481006
a,6,control,yes,a6nCsY,clear,2,F,0.99481006
b,1,control,no,b1nCsN,clear,2,F,0.99481006
b,2,high,no,b2nHsN,green,2,F,0.99481006
b,3,medium,no,b3nMsN,green,2,F,0.99481006
b,4,high,yes,b4nHsY,green,2,F,0.99481006
b,5,medium,yes,b5nMsY,green,2,F,0.99481006
b,6,control,yes,b6nCsY,clear,2,F,0.99481006
c,1,high,yes,c1nHsY,green,2,F,0.99481006
c,2,high,no,c2nHsN,green,2,F,0.99481006
c,3,control,yes,c3nCsY,clear,2,F,0.99481006
c,4,control,no,c4nCsN,clear,2,F,0.99481006
c,5,medium,yes,c5nMsY,orange,2,F,0.99481006
c,6,medium,no,c6nMsN,orange,2,F,0.99481006
d,1,high,yes,d1nHsY,green,2,F,2.487025149
d,2,high,no,d2nHsN,green,2,F,0.99481006
d,3,control,yes,d3nCsY,clear,2,F,0.99481006
d,4,medium,no,d4nMsN,orange,2,F,0.99481006
d,5,medium,yes,d5nMsY,orange,2,F,0.99481006
d,6,control,no,d6nCsN,clear,2,F,0.99481006
a,1,medium,yes,a1nMsY,orange,2,Cl,67.81049122
a,2,high,yes,a2nHsY,green,2,Cl,42.74167525
a,3,medium,no,a3nMsN,orange,2,Cl,4.625777736
a,4,high,no,a4nHsN,green,2,Cl,5.405532727
a,5,control,no,a5nCsN,clear,2,Cl,6.952763103
a,6,control,yes,a6nCsY,clear,2,Cl,48.99199478
b,1,control,no,b1nCsN,clear,2,Cl,4.674896161
b,2,high,no,b2nHsN,green,2,Cl,4.754713601
b,3,medium,no,b3nMsN,green,2,Cl,4.662616554
b,4,high,yes,b4nHsY,green,2,Cl,46.99655878
b,5,medium,yes,b5nMsY,green,2,Cl,45.67650112
b,6,control,yes,b6nCsY,clear,2,Cl,51.8101644
c,1,high,yes,c1nHsY,green,2,Cl,39.91736583
c,2,high,no,c2nHsN,green,2,Cl,4.945047496
c,3,control,yes,c3nCsY,clear,2,Cl,44.06787272
c,4,control,no,c4nCsN,clear,2,Cl,4.576659311
c,5,medium,yes,c5nMsY,orange,2,Cl,55.51246565
c,6,medium,no,c6nMsN,orange,2,Cl,5.098542573
d,1,high,yes,d1nHsY,green,2,Cl,35.89341404
d,2,high,no,d2nHsN,green,2,Cl,4.607358327
d,3,control,yes,d3nCsY,clear,2,Cl,44.245927
d,4,medium,no,d4nMsN,orange,2,Cl,4.902068875
d,5,medium,yes,d5nMsY,orange,2,Cl,50.8216561
d,6,control,no,d6nCsN,clear,2,Cl,4.902068875
a,1,medium,yes,a1nMsY,orange,2,NO2,1.623588609
a,2,high,yes,a2nHsY,green,2,NO2,1.623588609
a,3,medium,no,a3nMsN,orange,2,NO2,1.745419584
a,4,high,no,a4nHsN,green,2,NO2,1.745419584
a,5,control,no,a5nCsN,clear,2,NO2,1.623588609
a,6,control,yes,a6nCsY,clear,2,NO2,1.623588609
b,1,control,no,b1nCsN,clear,2,NO2,1.623588609
b,2,high,no,b2nHsN,green,2,NO2,1.623588609
b,3,medium,no,b3nMsN,green,2,NO2,1.623588609
b,4,high,yes,b4nHsY,green,2,NO2,1.623588609
b,5,medium,yes,b5nMsY,green,2,NO2,1.623588609
b,6,control,yes,b6nCsY,clear,2,NO2,1.623588609
c,1,high,yes,c1nHsY,green,2,NO2,1.623588609
c,2,high,no,c2nHsN,green,2,NO2,1.745419584
c,3,control,yes,c3nCsY,clear,2,NO2,1.623588609
c,4,control,no,c4nCsN,clear,2,NO2,1.623588609
c,5,medium,yes,c5nMsY,orange,2,NO2,1.623588609
c,6,medium,no,c6nMsN,orange,2,NO2,1.623588609
d,1,high,yes,d1nHsY,green,2,NO2,4.058971522
d,2,high,no,d2nHsN,green,2,NO2,1.623588609
d,3,control,yes,d3nCsY,clear,2,NO2,1.623588609
d,4,medium,no,d4nMsN,orange,2,NO2,1.623588609
d,5,medium,yes,d5nMsY,orange,2,NO2,1.623588609
d,6,control,no,d6nCsN,clear,2,NO2,1.623588609
a,1,medium,yes,a1nMsY,orange,2,Br,1.396461538
a,2,high,yes,a2nHsY,green,2,Br,1.396461538
a,3,medium,no,a3nMsN,orange,2,Br,1.396461538
a,4,high,no,a4nHsN,green,2,Br,1.396461538
a,5,control,no,a5nCsN,clear,2,Br,1.396461538
a,6,control,yes,a6nCsY,clear,2,Br,1.396461538
b,1,control,no,b1nCsN,clear,2,Br,1.396461538
b,2,high,no,b2nHsN,green,2,Br,1.396461538
b,3,medium,no,b3nMsN,green,2,Br,1.396461538
b,4,high,yes,b4nHsY,green,2,Br,1.396461538
b,5,medium,yes,b5nMsY,green,2,Br,1.396461538
b,6,control,yes,b6nCsY,clear,2,Br,1.396461538
c,1,high,yes,c1nHsY,green,2,Br,1.396461538
c,2,high,no,c2nHsN,green,2,Br,1.396461538
c,3,control,yes,c3nCsY,clear,2,Br,1.396461538
c,4,control,no,c4nCsN,clear,2,Br,1.396461538
c,5,medium,yes,c5nMsY,orange,2,Br,1.396461538
c,6,medium,no,c6nMsN,orange,2,Br,1.396461538
d,1,high,yes,d1nHsY,green,2,Br,3.491153845
d,2,high,no,d2nHsN,green,2,Br,1.396461538
d,3,control,yes,d3nCsY,clear,2,Br,1.396461538
d,4,medium,no,d4nMsN,orange,2,Br,1.396461538
d,5,medium,yes,d5nMsY,orange,2,Br,1.396461538
d,6,control,no,d6nCsN,clear,2,Br,1.396461538
a,1,medium,yes,a1nMsY,orange,2,NO3,11.57929565
a,2,high,yes,a2nHsY,green,2,NO3,33.10636648
a,3,medium,no,a3nMsN,orange,2,NO3,10.88141056
a,4,high,no,a4nHsN,green,2,NO3,20.43706794
a,5,control,no,a5nCsN,clear,2,NO3,5.808322796
a,6,control,yes,a6nCsY,clear,2,NO3,7.767769393
b,1,control,no,b1nCsN,clear,2,NO3,4.305185681
b,2,high,no,b2nHsN,green,2,NO3,30.90534428
b,3,medium,no,b3nMsN,green,2,NO3,8.613284021
b,4,high,yes,b4nHsY,green,2,NO3,14.51846555
b,5,medium,yes,b5nMsY,green,2,NO3,9.472219515
b,6,control,yes,b6nCsY,clear,2,NO3,6.492787019
c,1,high,yes,c1nHsY,green,2,NO3,30.85166081
c,2,high,no,c2nHsN,green,2,NO3,30.27456352
c,3,control,yes,c3nCsY,clear,2,NO3,3.003361572
c,4,control,no,c4nCsN,clear,2,NO3,5.768060195
c,5,medium,yes,c5nMsY,orange,2,NO3,7.150409507
c,6,medium,no,c6nMsN,orange,2,NO3,12.25033901
d,1,high,yes,d1nHsY,green,2,NO3,33.3435731
d,2,high,no,d2nHsN,green,2,NO3,31.37507462
d,3,control,yes,d3nCsY,clear,2,NO3,5.164121176
d,4,medium,no,d4nMsN,orange,2,NO3,10.29089241
d,5,medium,yes,d5nMsY,orange,2,NO3,6.788046095
d,6,control,no,d6nCsN,clear,2,NO3,3.486512788
a,1,medium,yes,a1nMsY,orange,2,PO4,3.595405153
a,2,high,yes,a2nHsY,green,2,PO4,7.397409358
a,3,medium,no,a3nMsN,orange,2,PO4,3.35777989
a,4,high,no,a4nHsN,green,2,PO4,4.213230836
a,5,control,no,a5nCsN,clear,2,PO4,2.692429154
a,6,control,yes,a6nCsY,clear,2,PO4,2.692429154
b,1,control,no,b1nCsN,clear,2,PO4,2.692429154
b,2,high,no,b2nHsN,green,2,PO4,6.732058622
b,3,medium,no,b3nMsN,green,2,PO4,2.692429154
b,4,high,yes,b4nHsY,green,2,PO4,4.403331047
b,5,medium,yes,b5nMsY,green,2,PO4,3.16767968
b,6,control,yes,b6nCsY,clear,2,PO4,2.692429154
c,1,high,yes,c1nHsY,green,2,PO4,6.684533569
c,2,high,no,c2nHsN,green,2,PO4,7.682559673
c,3,control,yes,c3nCsY,clear,2,PO4,3.785505363
c,4,control,no,c4nCsN,clear,2,PO4,2.692429154
c,5,medium,yes,c5nMsY,orange,2,PO4,2.692429154
c,6,medium,no,c6nMsN,orange,2,PO4,2.692429154
d,1,high,yes,d1nHsY,green,2,PO4,9.107325514
d,2,high,no,d2nHsN,green,2,PO4,9.916237143
d,3,control,yes,d3nCsY,clear,2,PO4,2.692429154
d,4,medium,no,d4nMsN,orange,2,PO4,4.355805994
d,5,medium,yes,d5nMsY,orange,2,PO4,2.692429154
d,6,control,no,d6nCsN,clear,2,PO4,2.692429154
a,1,medium,yes,a1nMsY,orange,2,SO4,13.66559822
a,2,high,yes,a2nHsY,green,2,SO4,18.36217032
a,3,medium,no,a3nMsN,orange,2,SO4,6.667894421
a,4,high,no,a4nHsN,green,2,SO4,9.025611336
a,5,control,no,a5nCsN,clear,2,SO4,7.743013334
a,6,control,yes,a6nCsY,clear,2,SO4,7.309193422
b,1,control,no,b1nCsN,clear,2,SO4,6.554724009
b,2,high,no,b2nHsN,green,2,SO4,9.912112896
b,3,medium,no,b3nMsN,green,2,SO4,6.705617892
b,4,high,yes,b4nHsY,green,2,SO4,12.00576552
b,5,medium,yes,b5nMsY,green,2,SO4,6.554724009
b,6,control,yes,b6nCsY,clear,2,SO4,7.592119452
c,1,high,yes,c1nHsY,green,2,SO4,11.17584916
c,2,high,no,c2nHsN,green,2,SO4,12.51503237
c,3,control,yes,c3nCsY,clear,2,SO4,6.762203098
c,4,control,no,c4nCsN,clear,2,SO4,10.17617719
c,5,medium,yes,c5nMsY,orange,2,SO4,8.667238365
c,6,medium,no,c6nMsN,orange,2,SO4,8.195694982
d,1,high,yes,d1nHsY,green,2,SO4,22.61118268
d,2,high,no,d2nHsN,green,2,SO4,11.96804205
d,3,control,yes,d3nCsY,clear,2,SO4,7.026267392
d,4,medium,no,d4nMsN,orange,2,SO4,9.836665955
d,5,medium,yes,d5nMsY,orange,2,SO4,7.51667251
d,6,control,no,d6nCsN,clear,2,SO4,7.384640363
a,1,medium,yes,a1nMsY,orange,3,F,0.99481006
a,2,high,yes,a2nHsY,green,3,F,0.99481006
a,3,medium,no,a3nMsN,orange,3,F,0.99481006
a,4,high,no,a4nHsN,green,3,F,0.99481006
a,5,control,no,a5nCsN,clear,3,F,0.99481006
a,6,control,yes,a6nCsY,clear,3,F,2.487025149
b,1,control,no,b1nCsN,clear,3,F,0.99481006
b,2,high,no,b2nHsN,green,3,F,0.99481006
b,3,medium,no,b3nMsN,green,3,F,2.487025149
b,4,high,yes,b4nHsY,green,3,F,2.487025149
b,5,medium,yes,b5nMsY,green,3,F,0.99481006
b,6,control,yes,b6nCsY,clear,3,F,0.99481006
c,1,high,yes,c1nHsY,green,3,F,0.99481006
c,2,high,no,c2nHsN,green,3,F,0.99481006
c,3,control,yes,c3nCsY,clear,3,F,0.99481006
c,4,control,no,c4nCsN,clear,3,F,0.99481006
c,5,medium,yes,c5nMsY,orange,3,F,0.99481006
c,6,medium,no,c6nMsN,orange,3,F,0.99481006
d,1,high,yes,d1nHsY,green,3,F,0.99481006
d,2,high,no,d2nHsN,green,3,F,0.99481006
d,3,control,yes,d3nCsY,clear,3,F,0.99481006
d,4,medium,no,d4nMsN,orange,3,F,0.99481006
d,5,medium,yes,d5nMsY,orange,3,F,0.99481006
d,6,control,no,d6nCsN,clear,3,F,0.99481006
a,1,medium,yes,a1nMsY,orange,3,Cl,93.97833194
a,2,high,yes,a2nHsY,green,3,Cl,103.7835975
a,3,medium,no,a3nMsN,orange,3,Cl,5.147660998
a,4,high,no,a4nHsN,green,3,Cl,5.448511349
a,5,control,no,a5nCsN,clear,3,Cl,4.914348481
a,6,control,yes,a6nCsY,clear,3,Cl,92.74799055
b,1,control,no,b1nCsN,clear,3,Cl,4.926628087
b,2,high,no,b2nHsN,green,3,Cl,5.202919225
b,3,medium,no,b3nMsN,green,3,Cl,11.2881532
b,4,high,yes,b4nHsY,green,3,Cl,82.93965513
b,5,medium,yes,b5nMsY,green,3,Cl,78.91739499
b,6,control,yes,b6nCsY,clear,3,Cl,101.8925381
c,1,high,yes,c1nHsY,green,3,Cl,80.94966981
c,2,high,no,c2nHsN,green,3,Cl,5.479210364
c,3,control,yes,c3nCsY,clear,3,Cl,98.34373193
c,4,control,no,c4nCsN,clear,3,Cl,5.123101785
c,5,medium,yes,c5nMsY,orange,3,Cl,78.74548051
c,6,medium,no,c6nMsN,orange,3,Cl,5.264317256
d,1,high,yes,d1nHsY,green,3,Cl,86.99123604
d,2,high,no,d2nHsN,green,3,Cl,5.479210364
d,3,control,yes,d3nCsY,clear,3,Cl,87.67889399
d,4,medium,no,d4nMsN,orange,3,Cl,5.939695595
d,5,medium,yes,d5nMsY,orange,3,Cl,136.3736722
d,6,control,no,d6nCsN,clear,3,Cl,5.129241588
a,1,medium,yes,a1nMsY,orange,3,NO2,1.623588609
a,2,high,yes,a2nHsY,green,3,NO2,1.623588609
a,3,medium,no,a3nMsN,orange,3,NO2,1.623588609
a,4,high,no,a4nHsN,green,3,NO2,1.623588609
a,5,control,no,a5nCsN,clear,3,NO2,1.623588609
a,6,control,yes,a6nCsY,clear,3,NO2,4.058971522
b,1,control,no,b1nCsN,clear,3,NO2,1.623588609
b,2,high,no,b2nHsN,green,3,NO2,1.623588609
b,3,medium,no,b3nMsN,green,3,NO2,4.058971522
b,4,high,yes,b4nHsY,green,3,NO2,4.058971522
b,5,medium,yes,b5nMsY,green,3,NO2,1.623588609
b,6,control,yes,b6nCsY,clear,3,NO2,1.623588609
c,1,high,yes,c1nHsY,green,3,NO2,1.623588609
c,2,high,no,c2nHsN,green,3,NO2,1.623588609
c,3,control,yes,c3nCsY,clear,3,NO2,1.623588609
c,4,control,no,c4nCsN,clear,3,NO2,1.623588609
c,5,medium,yes,c5nMsY,orange,3,NO2,1.623588609
c,6,medium,no,c6nMsN,orange,3,NO2,1.623588609
d,1,high,yes,d1nHsY,green,3,NO2,1.623588609
d,2,high,no,d2nHsN,green,3,NO2,1.623588609
d,3,control,yes,d3nCsY,clear,3,NO2,1.623588609
d,4,medium,no,d4nMsN,orange,3,NO2,1.623588609
d,5,medium,yes,d5nMsY,orange,3,NO2,1.623588609
d,6,control,no,d6nCsN,clear,3,NO2,1.623588609
a,1,medium,yes,a1nMsY,orange,3,Br,1.396461538
a,2,high,yes,a2nHsY,green,3,Br,1.396461538
a,3,medium,no,a3nMsN,orange,3,Br,1.396461538
a,4,high,no,a4nHsN,green,3,Br,1.396461538
a,5,control,no,a5nCsN,clear,3,Br,1.396461538
a,6,control,yes,a6nCsY,clear,3,Br,3.491153845
b,1,control,no,b1nCsN,clear,3,Br,1.396461538
b,2,high,no,b2nHsN,green,3,Br,1.396461538
b,3,medium,no,b3nMsN,green,3,Br,3.491153845
b,4,high,yes,b4nHsY,green,3,Br,3.491153845
b,5,medium,yes,b5nMsY,green,3,Br,1.396461538
b,6,control,yes,b6nCsY,clear,3,Br,1.396461538
c,1,high,yes,c1nHsY,green,3,Br,1.396461538
c,2,high,no,c2nHsN,green,3,Br,1.396461538
c,3,control,yes,c3nCsY,clear,3,Br,1.396461538
c,4,control,no,c4nCsN,clear,3,Br,1.396461538
c,5,medium,yes,c5nMsY,orange,3,Br,1.396461538
c,6,medium,no,c6nMsN,orange,3,Br,1.396461538
d,1,high,yes,d1nHsY,green,3,Br,1.396461538
d,2,high,no,d2nHsN,green,3,Br,1.396461538
d,3,control,yes,d3nCsY,clear,3,Br,1.396461538
d,4,medium,no,d4nMsN,orange,3,Br,1.396461538
d,5,medium,yes,d5nMsY,orange,3,Br,1.396461538
d,6,control,no,d6nCsN,clear,3,Br,1.396461538
a,1,medium,yes,a1nMsY,orange,3,NO3,9.297748243
a,2,high,yes,a2nHsY,green,3,NO3,48.92956879
a,3,medium,no,a3nMsN,orange,3,NO3,5.996214936
a,4,high,no,a4nHsN,green,3,NO3,32.43532313
a,5,control,no,a5nCsN,clear,3,NO3,4.533340422
a,6,control,yes,a6nCsY,clear,3,NO3,7.239986588
b,1,control,no,b1nCsN,clear,3,NO3,5.258067245
b,2,high,no,b2nHsN,green,3,NO3,54.98237986
b,3,medium,no,b3nMsN,green,3,NO3,14.8227765
b,4,high,yes,b4nHsY,green,3,NO3,40.49018483
b,5,medium,yes,b5nMsY,green,3,NO3,10.77404362
b,6,control,yes,b6nCsY,clear,3,NO3,6.694100025
c,1,high,yes,c1nHsY,green,3,NO3,44.01753143
c,2,high,no,c2nHsN,green,3,NO3,46.9701222
c,3,control,yes,c3nCsY,clear,3,NO3,6.479366151
c,4,control,no,c4nCsN,clear,3,NO3,3.070465908
c,5,medium,yes,c5nMsY,orange,3,NO3,9.606428186
c,6,medium,no,c6nMsN,orange,3,NO3,16.3302826
d,1,high,yes,d1nHsY,green,3,NO3,42.67544472
d,2,high,no,d2nHsN,green,3,NO3,38.20629598
d,3,control,yes,d3nCsY,clear,3,NO3,3.822034465
d,4,medium,no,d4nMsN,orange,3,NO3,4.466236086
d,5,medium,yes,d5nMsY,orange,3,NO3,7.848294596
d,6,control,no,d6nCsN,clear,3,NO3,5.459380252
a,1,medium,yes,a1nMsY,orange,3,PO4,2.692429154
a,2,high,yes,a2nHsY,green,3,PO4,8.062760094
a,3,medium,no,a3nMsN,orange,3,PO4,2.692429154
a,4,high,no,a4nHsN,green,3,PO4,6.304333149
a,5,control,no,a5nCsN,clear,3,PO4,2.692429154
a,6,control,yes,a6nCsY,clear,3,PO4,6.731072886
b,1,control,no,b1nCsN,clear,3,PO4,2.692429154
b,2,high,no,b2nHsN,green,3,PO4,10.72416304
b,3,medium,no,b3nMsN,green,3,PO4,6.731072886
b,4,high,yes,b4nHsY,green,3,PO4,9.463763408
b,5,medium,yes,b5nMsY,green,3,PO4,2.692429154
b,6,control,yes,b6nCsY,clear,3,PO4,2.692429154
c,1,high,yes,c1nHsY,green,3,PO4,3.833030416
c,2,high,no,c2nHsN,green,3,PO4,11.67466409
c,3,control,yes,c3nCsY,clear,3,PO4,3.405304943
c,4,control,no,c4nCsN,clear,3,PO4,2.692429154
c,5,medium,yes,c5nMsY,orange,3,PO4,2.692429154
c,6,medium,no,c6nMsN,orange,3,PO4,3.500355048
d,1,high,yes,d1nHsY,green,3,PO4,2.692429154
d,2,high,no,d2nHsN,green,3,PO4,12.00733946
d,3,control,yes,d3nCsY,clear,3,PO4,2.692429154
d,4,medium,no,d4nMsN,orange,3,PO4,3.310254838
d,5,medium,yes,d5nMsY,orange,3,PO4,2.692429154
d,6,control,no,d6nCsN,clear,3,PO4,2.692429154
a,1,medium,yes,a1nMsY,orange,3,SO4,10.51568843
a,2,high,yes,a2nHsY,green,3,SO4,18.73940502
a,3,medium,no,a3nMsN,orange,3,SO4,9.157643483
a,4,high,no,a4nHsN,green,3,SO4,57.33051549
a,5,control,no,a5nCsN,clear,3,SO4,7.610981187
a,6,control,yes,a6nCsY,clear,3,SO4,17.99005752
b,1,control,no,b1nCsN,clear,3,SO4,10.06300678
b,2,high,no,b2nHsN,green,3,SO4,26.26523742
b,3,medium,no,b3nMsN,green,3,SO4,18.79168128
b,4,high,yes,b4nHsY,green,3,SO4,30.10872247
b,5,medium,yes,b5nMsY,green,3,SO4,10.42137975
b,6,control,yes,b6nCsY,clear,3,SO4,9.346260836
c,1,high,yes,c1nHsY,green,3,SO4,28.37775177
c,2,high,no,c2nHsN,green,3,SO4,31.32018248
c,3,control,yes,c3nCsY,clear,3,SO4,9.025611336
c,4,control,no,c4nCsN,clear,3,SO4,10.94950834
c,5,medium,yes,c5nMsY,orange,3,SO4,10.83633793
c,6,medium,no,c6nMsN,orange,3,SO4,12.25096808
d,1,high,yes,d1nHsY,green,3,SO4,16.85323149
d,2,high,no,d2nHsN,green,3,SO4,35.71496681
d,3,control,yes,d3nCsY,clear,3,SO4,8.610653159
d,4,medium,no,d4nMsN,orange,3,SO4,10.2893476
d,5,medium,yes,d5nMsY,orange,3,SO4,11.47763693
d,6,control,no,d6nCsN,clear,3,SO4,16.89095496
a,1,medium,yes,a1nMsY,orange,4,F,0.99481006
a,2,high,yes,a2nHsY,green,4,F,0.99481006
a,3,medium,no,a3nMsN,orange,4,F,0.99481006
a,4,high,no,a4nHsN,green,4,F,0.99481006
a,5,control,no,a5nCsN,clear,4,F,0.99481006
a,6,control,yes,a6nCsY,clear,4,F,0.99481006
b,1,control,no,b1nCsN,clear,4,F,0.99481006
b,2,high,no,b2nHsN,green,4,F,0.99481006
b,3,medium,no,b3nMsN,green,4,F,0.99481006
b,4,high,yes,b4nHsY,green,4,F,0.99481006
b,5,medium,yes,b5nMsY,green,4,F,0.99481006
b,6,control,yes,b6nCsY,clear,4,F,0.99481006
c,1,high,yes,c1nHsY,green,4,F,0.99481006
c,2,high,no,c2nHsN,green,4,F,0.99481006
c,3,control,yes,c3nCsY,clear,4,F,0.99481006
c,4,control,no,c4nCsN,clear,4,F,0.99481006
c,5,medium,yes,c5nMsY,orange,4,F,0.99481006
c,6,medium,no,c6nMsN,orange,4,F,0.99481006
d,1,high,yes,d1nHsY,green,4,F,0.99481006
d,2,high,no,d2nHsN,green,4,F,0.99481006
d,3,control,yes,d3nCsY,clear,4,F,0.99481006
d,4,medium,no,d4nMsN,orange,4,F,0.99481006
d,5,medium,yes,d5nMsY,orange,4,F,0.99481006
d,6,control,no,d6nCsN,clear,4,F,0.99481006
a,1,medium,yes,a1nMsY,orange,4,Cl,99.11734712
a,2,high,yes,a2nHsY,green,4,Cl,61.32685917
a,3,medium,no,a3nMsN,orange,4,Cl,4.582799114
a,4,high,no,a4nHsN,green,4,Cl,4.619637933
a,5,control,no,a5nCsN,clear,4,Cl,5.080123164
a,6,control,yes,a6nCsY,clear,4,Cl,94.37127934
b,1,control,no,b1nCsN,clear,4,Cl,4.865230056
b,2,high,no,b2nHsN,green,4,Cl,5.01258533
b,3,medium,no,b3nMsN,green,4,Cl,4.576659311
b,4,high,yes,b4nHsY,green,4,Cl,60.82953512
b,5,medium,yes,b5nMsY,green,4,Cl,68.59024621
b,6,control,yes,b6nCsY,clear,4,Cl,86.19306164
c,1,high,yes,c1nHsY,green,4,Cl,90.56460143
c,2,high,no,c2nHsN,green,4,Cl,4.938907693
c,3,control,yes,c3nCsY,clear,4,Cl,85.1063165
c,4,control,no,c4nCsN,clear,4,Cl,5.516049182
c,5,medium,yes,c5nMsY,orange,4,Cl,98.74895894
c,6,medium,no,c6nMsN,orange,4,Cl,4.840670844
d,1,high,yes,d1nHsY,green,4,Cl,76.43691455
d,2,high,no,d2nHsN,green,4,Cl,4.988026118
d,3,control,yes,d3nCsY,clear,4,Cl,77.44384225
d,4,medium,no,d4nMsN,orange,4,Cl,4.779272813
d,5,medium,yes,d5nMsY,orange,4,Cl,72.60567743
d,6,control,no,d6nCsN,clear,4,Cl,5.147660998
a,1,medium,yes,a1nMsY,orange,4,NO2,1.623588609
a,2,high,yes,a2nHsY,green,4,NO2,1.623588609
a,3,medium,no,a3nMsN,orange,4,NO2,1.623588609
a,4,high,no,a4nHsN,green,4,NO2,1.623588609
a,5,control,no,a5nCsN,clear,4,NO2,1.623588609
a,6,control,yes,a6nCsY,clear,4,NO2,1.623588609
b,1,control,no,b1nCsN,clear,4,NO2,1.623588609
b,2,high,no,b2nHsN,green,4,NO2,1.623588609
b,3,medium,no,b3nMsN,green,4,NO2,1.829764105
b,4,high,yes,b4nHsY,green,4,NO2,1.623588609
b,5,medium,yes,b5nMsY,green,4,NO2,1.623588609
b,6,control,yes,b6nCsY,clear,4,NO2,1.623588609
c,1,high,yes,c1nHsY,green,4,NO2,1.623588609
c,2,high,no,c2nHsN,green,4,NO2,1.623588609
c,3,control,yes,c3nCsY,clear,4,NO2,1.623588609
c,4,control,no,c4nCsN,clear,4,NO2,1.623588609
c,5,medium,yes,c5nMsY,orange,4,NO2,1.623588609
c,6,medium,no,c6nMsN,orange,4,NO2,1.623588609
d,1,high,yes,d1nHsY,green,4,NO2,1.623588609
d,2,high,no,d2nHsN,green,4,NO2,1.623588609
d,3,control,yes,d3nCsY,clear,4,NO2,1.623588609
d,4,medium,no,d4nMsN,orange,4,NO2,1.623588609
d,5,medium,yes,d5nMsY,orange,4,NO2,1.623588609
d,6,control,no,d6nCsN,clear,4,NO2,1.623588609
a,1,medium,yes,a1nMsY,orange,4,Br,1.396461538
a,2,high,yes,a2nHsY,green,4,Br,1.396461538
a,3,medium,no,a3nMsN,orange,4,Br,1.396461538
a,4,high,no,a4nHsN,green,4,Br,1.396461538
a,5,control,no,a5nCsN,clear,4,Br,1.396461538
a,6,control,yes,a6nCsY,clear,4,Br,1.396461538
b,1,control,no,b1nCsN,clear,4,Br,1.396461538
b,2,high,no,b2nHsN,green,4,Br,1.396461538
b,3,medium,no,b3nMsN,green,4,Br,1.396461538
b,4,high,yes,b4nHsY,green,4,Br,1.396461538
b,5,medium,yes,b5nMsY,green,4,Br,1.396461538
b,6,control,yes,b6nCsY,clear,4,Br,1.396461538
c,1,high,yes,c1nHsY,green,4,Br,1.396461538
c,2,high,no,c2nHsN,green,4,Br,1.396461538
c,3,control,yes,c3nCsY,clear,4,Br,1.396461538
c,4,control,no,c4nCsN,clear,4,Br,1.396461538
c,5,medium,yes,c5nMsY,orange,4,Br,1.396461538
c,6,medium,no,c6nMsN,orange,4,Br,1.396461538
d,1,high,yes,d1nHsY,green,4,Br,1.396461538
d,2,high,no,d2nHsN,green,4,Br,1.396461538
d,3,control,yes,d3nCsY,clear,4,Br,1.396461538
d,4,medium,no,d4nMsN,orange,4,Br,1.396461538
d,5,medium,yes,d5nMsY,orange,4,Br,1.396461538
d,6,control,no,d6nCsN,clear,4,Br,1.396461538
a,1,medium,yes,a1nMsY,orange,4,NO3,8.210658008
a,2,high,yes,a2nHsY,green,4,NO3,25.3491053
a,3,medium,no,a3nMsN,orange,4,NO3,3.969664003
a,4,high,no,a4nHsN,green,4,NO3,28.07354132
a,5,control,no,a5nCsN,clear,4,NO3,4.842020365
a,6,control,yes,a6nCsY,clear,4,NO3,5.848585398
b,1,control,no,b1nCsN,clear,4,NO3,4.345448282
b,2,high,no,b2nHsN,green,4,NO3,40.75626073
b,3,medium,no,b3nMsN,green,4,NO3,7.016200835
b,4,high,yes,b4nHsY,green,4,NO3,24.89279581
b,5,medium,yes,b5nMsY,green,4,NO3,7.606718988
b,6,control,yes,b6nCsY,clear,4,NO3,4.654128226
c,1,high,yes,c1nHsY,green,4,NO3,26.50329987
c,2,high,no,c2nHsN,green,4,NO3,31.40191636
c,3,control,yes,c3nCsY,clear,4,NO3,6.157265341
c,4,control,no,c4nCsN,clear,4,NO3,4.305185681
c,5,medium,yes,c5nMsY,orange,4,NO3,7.700665058
c,6,medium,no,c6nMsN,orange,4,NO3,9.418536047
d,1,high,yes,d1nHsY,green,4,NO3,67.31615672
d,2,high,no,d2nHsN,green,4,NO3,25.87251911
d,3,control,yes,d3nCsY,clear,4,NO3,5.164121176
d,4,medium,no,d4nMsN,orange,4,NO3,5.553326321
d,5,medium,yes,d5nMsY,orange,4,NO3,8.277762343
d,6,control,no,d6nCsN,clear,4,NO3,6.680679158
a,1,medium,yes,a1nMsY,orange,4,PO4,2.692429154
a,2,high,yes,a2nHsY,green,4,PO4,2.692429154
a,3,medium,no,a3nMsN,orange,4,PO4,2.692429154
a,4,high,no,a4nHsN,green,4,PO4,10.62911293
a,5,control,no,a5nCsN,clear,4,PO4,2.692429154
a,6,control,yes,a6nCsY,clear,4,PO4,2.692429154
b,1,control,no,b1nCsN,clear,4,PO4,2.692429154
b,2,high,no,b2nHsN,green,4,PO4,7.302359253
b,3,medium,no,b3nMsN,green,4,PO4,2.692429154
b,4,high,yes,b4nHsY,green,4,PO4,2.692429154
b,5,medium,yes,b5nMsY,green,4,PO4,2.692429154
b,6,control,yes,b6nCsY,clear,4,PO4,2.692429154
c,1,high,yes,c1nHsY,green,4,PO4,2.692429154
c,2,high,no,c2nHsN,green,4,PO4,5.638982413
c,3,control,yes,c3nCsY,clear,4,PO4,2.692429154
c,4,control,no,c4nCsN,clear,4,PO4,2.692429154
c,5,medium,yes,c5nMsY,orange,4,PO4,2.692429154
c,6,medium,no,c6nMsN,orange,4,PO4,2.692429154
d,1,high,yes,d1nHsY,green,4,PO4,2.692429154
d,2,high,no,d2nHsN,green,4,PO4,6.066707886
d,3,control,yes,d3nCsY,clear,4,PO4,2.692429154
d,4,medium,no,d4nMsN,orange,4,PO4,3.452829995
d,5,medium,yes,d5nMsY,orange,4,PO4,2.692429154
d,6,control,no,d6nCsN,clear,4,PO4,2.692429154
a,1,medium,yes,a1nMsY,orange,4,SO4,9.082196542
a,2,high,yes,a2nHsY,green,4,SO4,12.40186196
a,3,medium,no,a3nMsN,orange,4,SO4,9.591463395
a,4,high,no,a4nHsN,green,4,SO4,17.60770091
a,5,control,no,a5nCsN,clear,4,SO4,8.6861001
a,6,control,yes,a6nCsY,clear,4,SO4,8.025939364
b,1,control,no,b1nCsN,clear,4,SO4,8.912440924
b,2,high,no,b2nHsN,green,4,SO4,22.945572
b,3,medium,no,b3nMsN,green,4,SO4,12.17552113
b,4,high,yes,b4nHsY,green,4,SO4,13.38267219
b,5,medium,yes,b5nMsY,green,4,SO4,12.49617063
b,6,control,yes,b6nCsY,clear,4,SO4,8.704961835
c,1,high,yes,c1nHsY,green,4,SO4,16.87209323
c,2,high,no,c2nHsN,green,4,SO4,20.55013162
c,3,control,yes,c3nCsY,clear,4,SO4,8.346588864
c,4,control,no,c4nCsN,clear,4,SO4,10.85519966
c,5,medium,yes,c5nMsY,orange,4,SO4,9.666910337
c,6,medium,no,c6nMsN,orange,4,SO4,8.931302659
d,1,high,yes,d1nHsY,green,4,SO4,13.66559822
d,2,high,no,d2nHsN,green,4,SO4,19.30525708
d,3,control,yes,d3nCsY,clear,4,SO4,7.592119452
d,4,medium,no,d4nMsN,orange,4,SO4,8.950164395
d,5,medium,yes,d5nMsY,orange,4,SO4,9.402846042
d,6,control,no,d6nCsN,clear,4,SO4,10.74202925
a,1,medium,yes,a1nMsY,orange,5,F,0.99481006
a,2,high,yes,a2nHsY,green,5,F,0.99481006
a,3,medium,no,a3nMsN,orange,5,F,0.99481006
a,4,high,no,a4nHsN,green,5,F,0.99481006
a,5,control,no,a5nCsN,clear,5,F,0.99481006
a,6,control,yes,a6nCsY,clear,5,F,0.99481006
b,1,control,no,b1nCsN,clear,5,F,0.99481006
b,2,high,no,b2nHsN,green,5,F,0.99481006
b,3,medium,no,b3nMsN,green,5,F,0.99481006
b,4,high,yes,b4nHsY,green,5,F,0.99481006
b,5,medium,yes,b5nMsY,green,5,F,0.99481006
b,6,control,yes,b6nCsY,clear,5,F,0.99481006
c,1,high,yes,c1nHsY,green,5,F,0.99481006
c,2,high,no,c2nHsN,green,5,F,0.99481006
c,3,control,yes,c3nCsY,clear,5,F,0.99481006
c,4,control,no,c4nCsN,clear,5,F,0.99481006
c,5,medium,yes,c5nMsY,orange,5,F,0.99481006
c,6,medium,no,c6nMsN,orange,5,F,0.99481006
d,1,high,yes,d1nHsY,green,5,F,0.99481006
d,2,high,no,d2nHsN,green,5,F,0.99481006
d,3,control,yes,d3nCsY,clear,5,F,0.99481006
d,4,medium,no,d4nMsN,orange,5,F,0.99481006
d,5,medium,yes,d5nMsY,orange,5,F,0.99481006
d,6,control,no,d6nCsN,clear,5,F,0.99481006
a,1,medium,yes,a1nMsY,orange,5,Cl,23.64688767
a,2,high,yes,a2nHsY,green,5,Cl,101.5425693
a,3,medium,no,a3nMsN,orange,5,Cl,6.479998266
a,4,high,no,a4nHsN,green,5,Cl,5.153800801
a,5,control,no,a5nCsN,clear,5,Cl,8.094766476
a,6,control,yes,a6nCsY,clear,5,Cl,15.46253017
b,1,control,no,b1nCsN,clear,5,Cl,5.534468592
b,2,high,no,b2nHsN,green,5,Cl,4.245109945
b,3,medium,no,b3nMsN,green,5,Cl,6.479998266
b,4,high,yes,b4nHsY,green,5,Cl,123.8546137
b,5,medium,yes,b5nMsY,green,5,Cl,14.71347419
b,6,control,yes,b6nCsY,clear,5,Cl,22.74433662
c,1,high,yes,c1nHsY,green,5,Cl,15.95371442
c,2,high,no,c2nHsN,green,5,Cl,4.288088567
c,3,control,yes,c3nCsY,clear,5,Cl,100.7259755
c,4,control,no,c4nCsN,clear,5,Cl,4.091614868
c,5,medium,yes,c5nMsY,orange,5,Cl,24.42050286
c,6,medium,no,c6nMsN,orange,5,Cl,8.334218796
d,1,high,yes,d1nHsY,green,5,Cl,118.1138978
d,2,high,no,d2nHsN,green,5,Cl,5.405532727
d,3,control,yes,d3nCsY,clear,5,Cl,65.05371964
d,4,medium,no,d4nMsN,orange,5,Cl,4.889789268
d,5,medium,yes,d5nMsY,orange,5,Cl,43.28197792
d,6,control,no,d6nCsN,clear,5,Cl,9.568319215
a,1,medium,yes,a1nMsY,orange,5,NO2,1.623588609
a,2,high,yes,a2nHsY,green,5,NO2,1.623588609
a,3,medium,no,a3nMsN,orange,5,NO2,1.623588609
a,4,high,no,a4nHsN,green,5,NO2,1.623588609
a,5,control,no,a5nCsN,clear,5,NO2,1.623588609
a,6,control,yes,a6nCsY,clear,5,NO2,1.623588609
b,1,control,no,b1nCsN,clear,5,NO2,1.623588609
b,2,high,no,b2nHsN,green,5,NO2,1.623588609
b,3,medium,no,b3nMsN,green,5,NO2,1.623588609
b,4,high,yes,b4nHsY,green,5,NO2,1.623588609
b,5,medium,yes,b5nMsY,green,5,NO2,1.623588609
b,6,control,yes,b6nCsY,clear,5,NO2,1.623588609
c,1,high,yes,c1nHsY,green,5,NO2,1.623588609
c,2,high,no,c2nHsN,green,5,NO2,1.623588609
c,3,control,yes,c3nCsY,clear,5,NO2,1.623588609
c,4,control,no,c4nCsN,clear,5,NO2,1.623588609
c,5,medium,yes,c5nMsY,orange,5,NO2,1.623588609
c,6,medium,no,c6nMsN,orange,5,NO2,1.623588609
d,1,high,yes,d1nHsY,green,5,NO2,1.623588609
d,2,high,no,d2nHsN,green,5,NO2,1.623588609
d,3,control,yes,d3nCsY,clear,5,NO2,1.623588609
d,4,medium,no,d4nMsN,orange,5,NO2,1.623588609
d,5,medium,yes,d5nMsY,orange,5,NO2,1.623588609
d,6,control,no,d6nCsN,clear,5,NO2,1.623588609
a,1,medium,yes,a1nMsY,orange,5,Br,1.396461538
a,2,high,yes,a2nHsY,green,5,Br,1.396461538
a,3,medium,no,a3nMsN,orange,5,Br,1.396461538
a,4,high,no,a4nHsN,green,5,Br,1.396461538
a,5,control,no,a5nCsN,clear,5,Br,1.396461538
a,6,control,yes,a6nCsY,clear,5,Br,1.396461538
b,1,control,no,b1nCsN,clear,5,Br,1.396461538
b,2,high,no,b2nHsN,green,5,Br,1.396461538
b,3,medium,no,b3nMsN,green,5,Br,1.396461538
b,4,high,yes,b4nHsY,green,5,Br,1.396461538
b,5,medium,yes,b5nMsY,green,5,Br,1.396461538
b,6,control,yes,b6nCsY,clear,5,Br,1.396461538
c,1,high,yes,c1nHsY,green,5,Br,1.396461538
c,2,high,no,c2nHsN,green,5,Br,1.396461538
c,3,control,yes,c3nCsY,clear,5,Br,1.396461538
c,4,control,no,c4nCsN,clear,5,Br,1.396461538
c,5,medium,yes,c5nMsY,orange,5,Br,1.396461538
c,6,medium,no,c6nMsN,orange,5,Br,1.396461538
d,1,high,yes,d1nHsY,green,5,Br,1.396461538
d,2,high,no,d2nHsN,green,5,Br,1.396461538
d,3,control,yes,d3nCsY,clear,5,Br,1.396461538
d,4,medium,no,d4nMsN,orange,5,Br,1.396461538
d,5,medium,yes,d5nMsY,orange,5,Br,1.396461538
d,6,control,no,d6nCsN,clear,5,Br,1.396461538
a,1,medium,yes,a1nMsY,orange,5,NO3,2.600735559
a,2,high,yes,a2nHsY,green,5,NO3,34.36792799
a,3,medium,no,a3nMsN,orange,5,NO3,4.238081346
a,4,high,no,a4nHsN,green,5,NO3,58.01549582
a,5,control,no,a5nCsN,clear,5,NO3,4.533340422
a,6,control,yes,a6nCsY,clear,5,NO3,2.426264287
b,1,control,no,b1nCsN,clear,5,NO3,57.06261426
b,2,high,no,b2nHsN,green,5,NO3,2.479947755
b,3,medium,no,b3nMsN,green,5,NO3,6.546470487
b,4,high,yes,b4nHsY,green,5,NO3,23.81912645
b,5,medium,yes,b5nMsY,green,5,NO3,2.842311167
b,6,control,yes,b6nCsY,clear,5,NO3,2.560472958
c,1,high,yes,c1nHsY,green,5,NO3,8.398550147
c,2,high,no,c2nHsN,green,5,NO3,10.31773414
c,3,control,yes,c3nCsY,clear,5,NO3,7.083305171
c,4,control,no,c4nCsN,clear,5,NO3,2.453106021
c,5,medium,yes,c5nMsY,orange,5,NO3,2.869152901
c,6,medium,no,c6nMsN,orange,5,NO3,5.9291106
d,1,high,yes,d1nHsY,green,5,NO3,76.92549757
d,2,high,no,d2nHsN,green,5,NO3,31.52270416
d,3,control,yes,d3nCsY,clear,5,NO3,2.64099816
d,4,medium,no,d4nMsN,orange,5,NO3,2.815469433
d,5,medium,yes,d5nMsY,orange,5,NO3,2.614156426
d,6,control,no,d6nCsN,clear,5,NO3,5.781481062
a,1,medium,yes,a1nMsY,orange,5,PO4,2.692429154
a,2,high,yes,a2nHsY,green,5,PO4,2.692429154
a,3,medium,no,a3nMsN,orange,5,PO4,2.692429154
a,4,high,no,a4nHsN,green,5,PO4,12.67269019
a,5,control,no,a5nCsN,clear,5,PO4,2.692429154
a,6,control,yes,a6nCsY,clear,5,PO4,2.692429154
b,1,control,no,b1nCsN,clear,5,PO4,6.399383254
b,2,high,no,b2nHsN,green,5,PO4,2.692429154
b,3,medium,no,b3nMsN,green,5,PO4,2.692429154
b,4,high,yes,b4nHsY,green,5,PO4,2.692429154
b,5,medium,yes,b5nMsY,green,5,PO4,2.692429154
b,6,control,yes,b6nCsY,clear,5,PO4,2.692429154
c,1,high,yes,c1nHsY,green,5,PO4,2.692429154
c,2,high,no,c2nHsN,green,5,PO4,2.692429154
c,3,control,yes,c3nCsY,clear,5,PO4,2.692429154
c,4,control,no,c4nCsN,clear,5,PO4,2.692429154
c,5,medium,yes,c5nMsY,orange,5,PO4,2.692429154
c,6,medium,no,c6nMsN,orange,5,PO4,2.692429154
d,1,high,yes,d1nHsY,green,5,PO4,2.692429154
d,2,high,no,d2nHsN,green,5,PO4,6.114232939
d,3,control,yes,d3nCsY,clear,5,PO4,2.692429154
d,4,medium,no,d4nMsN,orange,5,PO4,2.692429154
d,5,medium,yes,d5nMsY,orange,5,PO4,2.692429154
d,6,control,no,d6nCsN,clear,5,PO4,2.692429154
a,1,medium,yes,a1nMsY,orange,5,SO4,6.158627567
a,2,high,yes,a2nHsY,green,5,SO4,17.28705141
a,3,medium,no,a3nMsN,orange,5,SO4,10.30820934
a,4,high,no,a4nHsN,green,5,SO4,18.32444685
a,5,control,no,a5nCsN,clear,5,SO4,11.08154049
a,6,control,yes,a6nCsY,clear,5,SO4,6.02659542
b,1,control,no,b1nCsN,clear,5,SO4,27.81189971
b,2,high,no,b2nHsN,green,5,SO4,6.328383185
b,3,medium,no,b3nMsN,green,5,SO4,12.28869155
b,4,high,yes,b4nHsY,green,5,SO4,20.00314129
b,5,medium,yes,b5nMsY,green,5,SO4,5.970010214
b,6,control,yes,b6nCsY,clear,5,SO4,6.422691862
c,1,high,yes,c1nHsY,green,5,SO4,6.837650039
c,2,high,no,c2nHsN,green,5,SO4,7.384640363
c,3,control,yes,c3nCsY,clear,5,SO4,9.157643483
c,4,control,no,c4nCsN,clear,5,SO4,7.045129127
c,5,medium,yes,c5nMsY,orange,5,SO4,7.856183746
c,6,medium,no,c6nMsN,orange,5,SO4,11.04381701
d,1,high,yes,d1nHsY,green,5,SO4,25.92572618
d,2,high,no,d2nHsN,green,5,SO4,20.1163117
d,3,control,yes,d3nCsY,clear,5,SO4,6.441553597
d,4,medium,no,d4nMsN,orange,5,SO4,6.611309215
d,5,medium,yes,d5nMsY,orange,5,SO4,7.101714333
d,6,control,no,d6nCsN,clear,5,SO4,13.00543749
